"period_nm","fill","gap_nm","remaining_air_gap_nm","kx_norm","mode_index","freq_thz_real","freq_thz_imag","wavelength_nm","q_value","score"
"540.0","0.68","172.79999999999998","140.79999999999998","0.0","1","312.9907921683244","0.2655640144792855","957.8315576733439","589.294435810576","84.46511892212189"
"540.0","0.68","172.79999999999998","140.79999999999998","0.0","2","312.9907932713507","0.26560068091776023","957.8315542978024","589.2130852033926","84.46572187160288"
"540.0","0.68","172.79999999999998","140.79999999999998","0.0","3","313.4073769619955","1.0077143648413989","956.5583966338914","155.50407332504471","91.52418567045937"
"540.0","0.68","172.79999999999998","140.79999999999998","0.0","4","313.407430136104","1.0078523624017675","956.5582343399091","155.48280771463237","91.52494191472287"
"540.0","0.68","172.79999999999998","140.79999999999998","0.0","5","314.0905015746939","2.3907029490354583","954.4779498169776","65.68998915181315","97.34705828154809"
"540.0","0.68","172.79999999999998","140.79999999999998","0.0","6","314.090676464526","2.3908701395771157","954.4774183510638","65.68543210801083","97.34789103654002"
"540.0","0.68","172.79999999999998","140.79999999999998","0.0","7","315.06936170843267","4.02978576496345","951.5125697224408","39.09256969040019","102.5664880870047"
"540.0","0.68","172.79999999999998","140.79999999999998","0.0","8","315.06982556244293","4.029719774538989","951.5111688808323","39.09326742186282","102.5678114156172"
"540.0","0.7","162.00000000000003","130.00000000000003","0.0","1","312.99079217050473","0.26556397037681767","957.8315576666714","589.2945336793834","84.46511820752711"
"540.0","0.7","162.00000000000003","130.00000000000003","0.0","2","312.9907932732692","0.2656006591330198","957.8315542919313","589.2131335346484","84.46572152123622"
"540.0","0.7","162.00000000000003","130.00000000000003","0.0","3","313.40737702432267","1.0077154898628629","956.558396443661","155.50389975000454","91.52419070832649"
"540.0","0.7","162.00000000000003","130.00000000000003","0.0","4","313.40743005954386","1.0078525041546902","956.5582345735797","155.48278580823","91.52494229294173"
"540.0","0.7","162.00000000000003","130.00000000000003","0.0","5","314.09050151949845","2.3907025516813074","954.477949984709","65.69000005847826","97.34705739274729"
"540.0","0.7","162.00000000000003","130.00000000000003","0.0","6","314.0906765439377","2.3908699594516154","954.4774181097429","65.68543707328597","97.34789094957023"
"540.0","0.7","162.00000000000003","130.00000000000003","0.0","7","315.06936269585356","4.029790758842683","951.5125667404202","39.09252136782636","102.56649643737035"
"540.0","0.7","162.00000000000003","130.00000000000003","0.0","8","315.35211757170526","8.972049357310039e-10","950.6594098954567","175741408129.21964","29.340590104543253"
"540.0","0.72","151.20000000000002","119.20000000000002","0.0","1","312.99079216502383","0.26556406688357065","957.8315576834447","589.2943195177195","84.46511976906896"
"540.0","0.72","151.20000000000002","119.20000000000002","0.0","2","312.9907932681056","0.26560073418059216","957.8315543077331","589.2129670381316","84.4657227326394"
"540.0","0.72","151.20000000000002","119.20000000000002","0.0","3","313.15733173936786","7.745379126464159e-10","957.3221751982129","202157522973.52502","22.677824801787096"
"540.0","0.72","151.20000000000002","119.20000000000002","0.0","4","313.4073769903037","1.0077131002263318","956.5583965474914","155.5042684866916","91.52418030635442"
"540.0","0.72","151.20000000000002","119.20000000000002","0.0","5","313.40743014986475","1.0078510231407105","956.5582342979093","155.4830143314289","91.52493618550741"
"540.0","0.72","151.20000000000002","119.20000000000002","0.0","6","314.09050154634025","2.39070340920356","954.4779499031405","65.68997650172267","97.34705903171734"
"540.0","0.72","151.20000000000002","119.20000000000002","0.0","7","314.0906764479648","2.3908706082213187","954.4774184013909","65.6854192292806","97.34789183772011"
"540.0","0.72","151.20000000000002","119.20000000000002","0.0","8","315.0693617746572","4.029780965856252","951.5125695224423","39.092616254356514","102.56648311403627"
"540.0","0.74","140.4","108.4","0.0","1","311.2216158756231","3.054228470754944e-10","963.2764650891386","509493017394.82404","16.723534910861417"
"540.0","0.74","140.4","108.4","0.0","2","312.9907921643494","0.2655640782708026","957.8315576855084","589.2942942478549","84.46511995323749"
"540.0","0.74","140.4","108.4","0.0","3","312.99079326628566","0.265600763844635","957.8315543133027","589.2129012275202","84.46572321214374"
"540.0","0.74","140.4","108.4","0.0","4","313.4073769856356","1.007712894661326","956.5583965617388","155.50430020594612","91.5241794062473"
"540.0","0.74","140.4","108.4","0.0","5","313.4074301602975","1.007850414711226","956.5582342660674","155.48310820018688","91.52493359541198"
"540.0","0.74","140.4","108.4","0.0","6","314.0905015444535","2.390703506204305","954.477949908874","65.68997383601359","97.34705920222112"
"540.0","0.74","140.4","108.4","0.0","7","314.09067643835937","2.3908708695277747","954.4774184305804","65.68541204828766","97.34789228331871"
"540.0","0.74","140.4","108.4","0.0","8","315.06936150448865","4.029780136602511","951.512570338354","39.09262426536776","102.56648140815152"
"540.0","0.76","129.6","97.6","0.0","1","309.5308030961961","1.802933683193618e-09","968.5383651682329","85840873122.93988","11.461634831767128"
"540.0","0.76","129.6","97.6","0.0","2","312.9907921647237","0.26556407881643185","957.831557684363","589.2942930377926","84.46511996330074"
"540.0","0.76","129.6","97.6","0.0","3","312.9907932650163","0.26560077722127373","957.8315543171873","589.2128715501868","84.46572342700358"
"540.0","0.76","129.6","97.6","0.0","4","313.407376925017","1.0077127393889413","956.5583967467544","155.50432413658953","91.5241785528936"
"540.0","0.76","129.6","97.6","0.0","5","313.40743022318145","1.0078503503793041","956.5582340741378","155.4831181559994","91.52493350925648"
"540.0","0.76","129.6","97.6","0.0","6","314.0905015993218","2.390703516230523","954.4779497421367","65.68997357199596","97.34705938641336"
"540.0","0.76","129.6","97.6","0.0","7","314.09067637804793","2.39087098170087","954.4774186138585","65.6854089538958","97.3478923046336"
"540.0","0.76","129.6","97.6","0.0","8","315.0693608106029","4.02977909709211","951.5125724338956","39.09263426349562","102.56647820188088"
"540.0","0.78","118.79999999999998","86.79999999999998","0.0","1","308.07446688735575","4.641600320740392e-10","973.1168604427579","331862337985.8502","6.883139557242089"
"540.0","0.78","118.79999999999998","86.79999999999998","0.0","2","312.9907921610659","0.2655641316930285","957.8315576955567","589.2941756962475","84.4651208168836"
"540.0","0.78","118.79999999999998","86.79999999999998","0.0","3","312.99079326744186","0.2656007465103197","957.8315543097644","589.2129396844163","84.4657229322256"
"540.0","0.78","118.79999999999998","86.79999999999998","0.0","4","313.40737701990616","1.0077119590808492","956.5583964571407","155.50444459633596","91.52417547829327"
"540.0","0.78","118.79999999999998","86.79999999999998","0.0","5","313.40743011861764","1.007850950355987","956.5582343932795","155.48302554455984","91.52493577693255"
"540.0","0.78","118.79999999999998","86.79999999999998","0.0","6","314.09050152376176","2.390703978781388","954.4779499717533","65.6899608465668","97.34705999810997"
"540.0","0.78","118.79999999999998","86.79999999999998","0.0","7","314.09067645463267","2.3908707095766","954.4774183811281","65.6854164460978","97.3478920419995"
"540.0","0.78","118.79999999999998","86.79999999999998","0.0","8","315.06936199167365","4.029776747096434","951.5125688670504","39.09265720721252","102.56647921982474"
"546.0","0.68","174.71999999999997","142.71999999999997","0.0","1","309.55439159174375","0.2685421792072884","968.4645611339985","576.3608393018922","73.92849421489535"
"546.0","0.68","174.71999999999997","142.71999999999997","0.0","2","309.5543930191221","0.26854545104455774","968.4645566683364","576.3538198376707","73.92855157334495"
"546.0","0.68","174.71999999999997","142.71999999999997","0.0","3","309.97560594643863","1.017711472659781","967.1485505598199","152.29051370341725","81.02472092386307"
"546.0","0.68","174.71999999999997","142.71999999999997","0.0","4","309.9756360896934","1.0177601924421664","967.1484565104759","152.28323842470758","81.02502245092813"
"546.0","0.68","174.71999999999997","142.71999999999997","0.0","5","310.66673525897045","2.417107726566251","964.9969693410989","64.2641475686945","86.92334314670416"
"546.0","0.68","174.71999999999997","142.71999999999997","0.0","6","310.6668175557521","2.4170579345134335","964.9967137098555","64.26548845182955","86.92350816255882"
"546.0","0.68","174.71999999999997","142.71999999999997","0.0","7","311.655859633453","4.069808053073451","961.9342898047677","38.288766395026386","92.23499645248235"
"546.0","0.68","174.71999999999997","142.71999999999997","0.0","8","311.65610708875334","4.0695195057682465","961.9335260278572","38.2915116449256","92.23544885761052"
"546.0","0.7","163.8","131.8","0.0","1","309.55439159756247","0.26854203358467954","968.464561115794","576.3611518566058","73.92849187796492"
"546.0","0.7","163.8","131.8","0.0","2","309.5543930305244","0.2685453200738468","968.4645566326632","576.3541009491445","73.92854949078578"
"546.0","0.7","163.8","131.8","0.0","3","309.9756061006741","1.017714067926102","967.1485500785927","152.29012542409993","81.02473247786004"
"546.0","0.7","163.8","131.8","0.0","4","309.9756358488921","1.0177639667718519","967.1484572617952","152.28267357119853","81.0250378086185"
"546.0","0.7","163.8","131.8","0.0","5","310.66673530207055","2.4171064255807364","964.9969692072209","64.26418216720214","86.92334094242976"
"546.0","0.7","163.8","131.8","0.0","6","310.6668176257887","2.4170568055667325","964.9967134923069","64.26551848311773","86.92350635064808"
"546.0","0.7","163.8","131.8","0.0","7","311.6558607954406","4.069820002123122","961.9342862182615","38.288654121417856","92.23501277376292"
"546.0","0.7","163.8","131.8","0.0","8","312.34316100406414","9.044733069726581e-10","959.8175834434203","172665770562.92618","20.18241655657971"
"546.0","0.72","152.88000000000002","120.88000000000002","0.0","1","309.55439160596285","0.26854206460268415","968.4645610895127","576.3610852995371","73.92849240576113"
"546.0","0.72","152.88000000000002","120.88000000000002","0.0","2","309.5543930183416","0.26854534964950283","968.4645566707779","576.3540374509604","73.92854993114273"
"546.0","0.72","152.88000000000002","120.88000000000002","0.0","3","309.9756056612591","1.0177154426910466","967.1485514496026","152.2899194894894","81.02473697960954"
"546.0","0.72","152.88000000000002","120.88000000000002","0.0","4","309.9756363075146","1.017761250892422","967.1484558308566","152.28308016035837","81.02502764406901"
"546.0","0.72","152.88000000000002","120.88000000000002","0.0","5","310.17277212166647","1.4474500826847773e-10","966.5337674526932","1071445488283.6027","13.466232547306845"
"546.0","0.72","152.88000000000002","120.88000000000002","0.0","6","310.6667353392305","2.4171067801362733","964.9969690917942","64.2641727482382","86.9233416943859"
"546.0","0.72","152.88000000000002","120.88000000000002","0.0","7","310.66681756292553","2.4170569837208875","964.9967136875734","64.26551373329147","86.92350647636599"
"546.0","0.72","152.88000000000002","120.88000000000002","0.0","8","311.6558581328567","4.069819995285393","961.9342944363991","38.28865385863363","92.23500458543197"
"546.0","0.74","141.96","109.96000000000001","0.0","1","308.25625134940157","4.342347699170472e-10","972.5429952763293","354941926239.90985","7.457004723670707"
"546.0","0.74","141.96","109.96000000000001","0.0","2","309.55439159454886","0.26854216718060114","968.4645611252224","576.3608651194917","73.92849402913284"
"546.0","0.74","141.96","109.96000000000001","0.0","3","309.5543930192543","0.2685454158288532","968.4645566679226","576.3538954180781","73.92855100424485"
"546.0","0.74","141.96","109.96000000000001","0.0","4","309.97560576696014","1.0177122727211805","967.1485511198072","152.2903938940133","81.02472378054192"
"546.0","0.74","141.96","109.96000000000001","0.0","5","309.97563625902086","1.017760356722194","967.1484559821611","152.28321392735836","81.02502367787953"
"546.0","0.74","141.96","109.96000000000001","0.0","6","310.6667352717252","2.417107636484042","964.99696930148","64.26414996636751","86.92334302428924"
"546.0","0.74","141.96","109.96000000000001","0.0","7","310.6668175603657","2.4170576103685324","964.9967136955247","64.26549707125058","86.92350759440485"
"546.0","0.74","141.96","109.96000000000001","0.0","8","311.65585893976134","4.069809460232031","961.9342919458659","38.28875307125471","92.23499582264765"
"546.0","0.76","131.04","99.03999999999999","0.0","1","306.58168643325047","9.285449941212352e-10","977.8550750625849","165087146220.3057","2.1449249374151123"
"546.0","0.76","131.04","99.03999999999999","0.0","2","309.55439159944757","0.2685421086898965","968.4645611098964","576.3609906648024","73.92849309846072"
"546.0","0.76","131.04","99.03999999999999","0.0","3","309.5543930175699","0.2685454211478288","968.4645566731922","576.3538839993225","73.92855108501792"
"546.0","0.76","131.04","99.03999999999999","0.0","4","309.97560597132207","1.0177133991948748","967.1485504821815","152.2902254291569","81.0247292223707"
"546.0","0.76","131.04","99.03999999999999","0.0","5","309.975636050724","1.0177602311977034","967.1484566320637","152.28323260673278","81.02502249526232"
"546.0","0.76","131.04","99.03999999999999","0.0","6","310.66673529939345","2.417107138113875","964.9969692155364","64.26416322236629","86.923342214398"
"546.0","0.76","131.04","99.03999999999999","0.0","7","310.666817546595","2.417057644848512","964.9967137382993","64.26549615163727","86.92350761377608"
"546.0","0.76","131.04","99.03999999999999","0.0","8","311.6558590505685","4.069814393094008","961.9342916038566","38.28870667657615","92.23500142702858"
"546.0","0.78","120.11999999999999","88.11999999999999","0.0","1","305.140693344889","7.069793045672651e-10","982.4728872237172","215805958797.94708","2.47288722371718"
"546.0","0.78","120.11999999999999","88.11999999999999","0.0","2","309.554391598098","0.2685421395802441","968.4645611141186","576.3609243636023","73.92849359382552"
"546.0","0.78","120.11999999999999","88.11999999999999","0.0","3","309.55439301499575","0.26854545452854445","968.4645566812458","576.3538123526354","73.92855161683686"
"546.0","0.78","120.11999999999999","88.11999999999999","0.0","4","309.97560596549613","1.0177128504350892","967.1485505003591","152.29030754253344","81.02472686252102"
"546.0","0.78","120.11999999999999","88.11999999999999","0.0","5","309.9756360663716","1.017759476502166","967.1484565832421","152.2833455364598","81.02501932345754"
"546.0","0.78","120.11999999999999","88.11999999999999","0.0","6","310.6667352928754","2.4171074127009464","964.996969235783","64.26415592051147","86.92334268760767"
"546.0","0.78","120.11999999999999","88.11999999999999","0.0","7","310.66681753340623","2.4170579321699446","964.9967137792664","64.26548850951643","86.92350808924951"
"546.0","0.78","120.11999999999999","88.11999999999999","0.0","8","311.65585892717036","4.069812212721639","961.9342919847284","38.28872717431281","92.23499872117588"
"550.5","0.735","145.8825","113.8825","0.0","1","306.52538424696195","1.5457068442915412e-09","978.034686218557","99153790183.11028","1.965313781443001"
"550.5","0.735","145.8825","113.8825","0.0","2","307.0262710274204","0.2708109625465556","976.4391073011001","566.8645540422666","66.0260996842051"
"550.5","0.735","145.8825","113.8825","0.0","3","307.0262711409635","0.27080070307119675","976.4391069399976","566.8860303147784","66.025935511295"
"550.5","0.735","145.8825","113.8825","0.0","4","307.4510205733232","1.0256553362015761","975.09013774278","149.8802812804255","73.15241726258722"
"550.5","0.735","145.8825","113.8825","0.0","5","307.4510519964058","1.025753851867009","975.0900380835408","149.86590176425065","73.15293360399862"
"550.5","0.735","145.8825","113.8825","0.0","6","308.1481422489067","2.4371438372313827","972.8841972308326","63.21911278715616","79.10731880230425"
"550.5","0.735","145.8825","113.8825","0.0","7","308.1481936931594","2.437082501242438","972.8840348112517","63.22071442720215","79.10737119588313"
"550.5","0.735","145.8825","113.8825","0.0","8","309.1460176816975","4.100673680293381","969.7438778223949","37.69454018828191","84.4933376776207"
"550.5","0.74","143.13","111.13","0.0","1","306.07324129357","1.9557394475770163e-10","979.4794760004983","782500045373.5465","0.5205239995017337"
"550.5","0.74","143.13","111.13","0.0","2","307.0262710239838","0.2708110045063911","976.4391073120296","566.8644662051353","66.02610034622619"
"550.5","0.74","143.13","111.13","0.0","3","307.02627113569923","0.27080080268035917","976.4391069567397","566.8858217863168","66.02593709210113"
"550.5","0.74","143.13","111.13","0.0","4","307.4510205181524","1.0256532704029302","975.0901379177559","149.8805831318461","73.15240834114564"
"550.5","0.74","143.13","111.13","0.0","5","307.4510520746736","1.0257530696713835","975.090037835312","149.8660160837591","73.15293053937818"
"550.5","0.74","143.13","111.13","0.0","6","308.14814198675833","2.4371444576695205","972.8841980584865","63.21909663931451","79.107319083954"
"550.5","0.74","143.13","111.13","0.0","7","308.14819390893155","2.437083120069958","972.8840341300167","63.22069841837934","79.10737297684376"
"550.5","0.74","143.13","111.13","0.0","8","309.1460159895725","4.10067046123249","969.7438831303328","37.694569572490856","84.49332898420708"
"550.5","0.745","140.3775","108.3775","0.0","1","305.6356796625266","7.843278804424335e-10","980.8817423771383","194839229411.3782","0.8817423771382664"
"550.5","0.745","140.3775","108.3775","0.0","2","307.0262710275953","0.2708109414880841","976.4391073005438","566.8645981224225","66.0260993470481"
"550.5","0.745","140.3775","108.3775","0.0","3","307.0262711430887","0.2708006865249187","976.4391069332389","566.8860649561843","66.02593525266398"
"550.5","0.745","140.3775","108.3775","0.0","4","307.45102050995246","1.025655767293417","975.0901379437623","149.88021825357592","73.1524188878771"
"550.5","0.745","140.3775","108.3775","0.0","5","307.45105204961925","1.0257543536856797","975.0900379147727","149.8658284729206","73.15293589666734"
"550.5","0.745","140.3775","108.3775","0.0","6","308.1481422248084","2.4371437506941205","972.8841973069158","63.21911502697472","79.10731857235288"
"550.5","0.745","140.3775","108.3775","0.0","7","308.1481937301251","2.4370822583296414","972.8840346945436","63.22072073622326","79.10737087919323"
"550.5","0.745","140.3775","108.3775","0.0","8","309.1460178656835","4.100676351655781","969.7438772452589","37.69451565482068","84.49334108135977"
"550.8","0.735","145.962","113.96199999999999","0.0","1","306.381815230723","3.325481363695086e-10","978.4929884766142","460657844268.12866","1.5070115233858132"
"550.8","0.735","145.962","113.96199999999999","0.0","2","306.8591989964262","0.2709691662548348","976.970737655779","566.2253075463176","65.49936958085897"
"550.8","0.735","145.962","113.96199999999999","0.0","3","306.8591992391248","0.2709445151495559","976.9707368830813","566.2768243707475","65.49897523778675"
"550.8","0.735","145.962","113.96199999999999","0.0","4","307.2841741945894","1.026141411504519","975.6195833572435","149.72798619639187","72.62738680801705"
"550.8","0.735","145.962","113.96199999999999","0.0","5","307.28422633459024","1.026317842638561","975.6194178140705","149.70227232169768","72.62829826070306"
"550.8","0.735","145.962","113.96199999999999","0.0","6","307.9816987180029","2.4383774294962364","973.4099761378964","63.152999817102","78.58608401499987"
"550.8","0.735","145.962","113.96199999999999","0.0","7","307.98176385058014","2.4385213763692555","973.409770279278","63.14928522569238","78.58654532846641"
"550.8","0.735","145.962","113.96199999999999","0.0","8","308.9798048872444","4.102829178153188","970.265542466126","37.65448078273709","83.97629089891062"
"550.8","0.74","143.208","111.208","0.0","1","305.92835727531053","1.2449206911187149e-09","979.9433457886719","122870621180.0513","0.05665421132812298"
"550.8","0.74","143.208","111.208","0.0","2","306.8591990019114","0.2709690570993927","976.9707376383153","566.225535651021","65.49936784876124"
"550.8","0.74","143.208","111.208","0.0","3","306.8591992403661","0.2709445147603197","976.9707368791294","566.2768251865458","65.49897523548202"
"550.8","0.74","143.208","111.208","0.0","4","307.28417409201637","1.0261414506680102","975.6195836829104","149.7279804319262","72.62738664955177"
"550.8","0.74","143.208","111.208","0.0","5","307.2842264121142","1.0263203734470105","975.619417567934","149.70190320789703","72.6283092150461"
"550.8","0.74","143.208","111.208","0.0","6","307.98169886428633","2.4383774533233655","973.4099756755517","63.15299922998495","78.58608451771981"
"550.8","0.74","143.208","111.208","0.0","7","307.9817637400801","2.438520393542067","973.409770628525","63.14931065487665","78.58654323038682"
"550.8","0.74","143.208","111.208","0.0","8","308.97980353208766","4.102827681576433","970.2655467216206","37.654494352705555","83.9762850783005"
"550.8","0.745","140.45399999999998","108.45399999999998","0.0","1","305.491519950542","6.2012489809767e-10","981.3446148964638","246314509292.9545","1.3446148964637814"
"550.8","0.745","140.45399999999998","108.45399999999998","0.0","2","306.85919900654187","0.2709689904646763","976.970737623573","566.2256749016161","65.49936679545289"
"550.8","0.745","140.45399999999998","108.45399999999998","0.0","3","306.85919924714926","0.27094439848619506","976.9707368575332","566.2770682132852","65.49897339323451"
"550.8","0.745","140.45399999999998","108.45399999999998","0.0","4","307.2841740847138","1.0261441891336278","975.619583706096","149.72758085009156","72.62739821647887"
"550.8","0.745","140.45399999999998","108.45399999999998","0.0","5","307.2842263563181","1.0263219754215054","975.6194177450852","149.70166951268774","72.62831581754271"
"550.8","0.745","140.45399999999998","108.45399999999998","0.0","6","307.98169885460925","2.4383764156826424","973.4099757061371","63.15302610249111","78.58608263914955"
"550.8","0.745","140.45399999999998","108.45399999999998","0.0","7","307.9817638290891","2.4385198219618225","973.4097703472025","63.149325475097754","78.58654249248373"
"550.8","0.745","140.45399999999998","108.45399999999998","0.0","8","308.97980400089295","4.102838849021179","970.2655452494677","37.6543919187329","83.97629836486504"
"551.0","0.735","146.01500000000001","114.01500000000001","0.0","1","306.2855022560658","1.1582194969057256e-09","978.8006803840248","132222563630.78484","1.1993196159752415"
"551.0","0.735","146.01500000000001","114.01500000000001","0.0","2","306.7479189039015","0.27107659986991633","977.3251569928971","565.7956442037104","65.1482470100674"
"551.0","0.735","146.01500000000001","114.01500000000001","0.0","3","306.747918940355","0.27103798967926207","977.3251568767531","565.8762435910755","65.14762850398321"
"551.0","0.735","146.01500000000001","114.01500000000001","0.0","4","307.1730438010623","1.0264809958873558","975.9725472335317","149.62432087479726","72.2774308443368"
"551.0","0.735","146.01500000000001","114.01500000000001","0.0","5","307.1731111894321","1.0267019510783664","975.9723331223464","149.59215323726707","72.27857874284585"
"551.0","0.735","146.01500000000001","114.01500000000001","0.0","6","307.8708058745125","2.4392270316937226","973.7605913897363","63.10827198006589","78.2385457246618"
"551.0","0.735","146.01500000000001","114.01500000000001","0.0","7","307.8709429732169","2.4394505155693698","973.7601577622097","63.1025185811895","78.2393753039727"
"551.0","0.735","146.01500000000001","114.01500000000001","0.0","8","308.8692337034872","4.104213192635956","970.6128849589438","37.62831256642325","83.63196761191621"
"551.0","0.74","143.26","111.25999999999999","0.0","1","305.83264385534375","1.0984996401558143e-09","980.2500289727061","139204708256.41943","0.25002897270610447"
"551.0","0.74","143.26","111.25999999999999","0.0","2","306.74791888701026","0.27107683794896353","977.3251570467141","565.7951472503944","65.14825077077558"
"551.0","0.74","143.26","111.25999999999999","0.0","3","306.747918927829","0.27103823059149507","977.325156916662","565.8757405890741","65.14763232447834"
"551.0","0.74","143.26","111.25999999999999","0.0","4","307.173043720234","1.0264759619180446","975.9725474903454","149.62505461221855","72.27740929036167"
"551.0","0.74","143.26","111.25999999999999","0.0","5","307.173111366111","1.0266967611037723","975.9723325609896","149.59290951491752","72.27855734807912"
"551.0","0.74","143.26","111.25999999999999","0.0","6","307.8708059710442","2.4392291039000966","973.7605910844175","63.10821838727406","78.23854971809679"
"551.0","0.74","143.26","111.25999999999999","0.0","7","307.8709427144819","2.439452638812732","973.7601585805587","63.10246360518008","78.23937826927423"
"551.0","0.74","143.26","111.25999999999999","0.0","8","308.86923090237775","4.104193400300915","970.6128937613516","37.62849368644906","83.63193790523896"
"551.0","0.745","140.505","108.505","0.0","1","305.39575868375766","1.0824605709827421e-09","981.6523297248538","141065534796.56796","1.6523297248537574"
"551.0","0.745","140.505","108.505","0.0","2","306.74791889384335","0.27107674333033527","977.325157024943","565.7953447523143","65.1482492765567"
"551.0","0.745","140.505","108.505","0.0","3","306.747918933797","0.2710381159964201","977.3251568976475","565.8759798526797","65.14763050720907"
"551.0","0.745","140.505","108.505","0.0","4","307.17304376459776","1.026478300157718","975.9725473493895","149.62471379930815","72.27741932360033"
"551.0","0.745","140.505","108.505","0.0","5","307.17311128817164","1.0266987228413984","975.9723328086243","149.5926236462373","72.27856539972205"
"551.0","0.745","140.505","108.505","0.0","6","307.870805922955","2.4392281148488615","973.7605912365183","63.108243966356376","78.23854780570984"
"551.0","0.745","140.505","108.505","0.0","7","307.8709428287136","2.4394517973380636","973.760158219257","63.10248539542024","78.23937713089127"
"551.0","0.745","140.505","108.505","0.0","8","308.869232277931","4.104202653444953","970.6128894387143","37.62840901857938","83.63195199994695"
"551.2","0.735","146.068","114.06800000000001","0.0","1","306.1891833229996","1.1710727393715524e-09","979.108584916105","130730215565.99199","0.8914150838950263"
"551.2","0.735","146.068","114.06800000000001","0.0","2","306.636719283065","0.2711698237253858","977.6795769956472","565.3960958310697","64.79689495158468"
"551.2","0.735","146.068","114.06800000000001","0.0","3","306.63671969846274","0.27114608899968323","977.6795756711944","565.4455884459041","64.79651612787296"
"551.2","0.735","146.068","114.06800000000001","0.0","4","307.06201439177204","1.0268645653292388","976.3254455092025","149.51436867106239","71.92772517725692"
"551.2","0.735","146.068","114.06800000000001","0.0","5","307.06205668646624","1.0270203361856376","976.3253110302421","149.49171202728925","71.92851781376145"
"551.2","0.735","146.068","114.06800000000001","0.0","6","307.7600752253993","2.440159243751505","974.1109459387676","63.06147355208024","77.89141291470627"
"551.2","0.735","146.068","114.06800000000001","0.0","7","307.7601185562794","2.4403025084865853","974.1108087894685","63.057780231342","77.89180442466306"
"551.2","0.735","146.068","114.06800000000001","0.0","8","308.75901663996035","4.105620731632723","970.959362620279","37.601989665174585","83.2885291225337"
"551.2","0.74","143.312","111.31200000000001","0.0","1","305.73685084906276","1.6026289066508516e-09","980.5571594246669","95386040268.0452","0.5571594246669065"
"551.2","0.74","143.312","111.31200000000001","0.0","2","306.63671928939834","0.27116974635380836","977.6795769754542","565.3962571645336","64.79689373253626"
"551.2","0.74","143.312","111.31200000000001","0.0","3","306.636719701259","0.27114601784679015","977.6795756622787","565.4457368326956","64.79651499709354"
"551.2","0.74","143.312","111.31200000000001","0.0","4","307.0620144780495","1.0268659469497265","976.3254452348773","149.51416754551443","71.92773129368112"
"551.2","0.74","143.312","111.31200000000001","0.0","5","307.06205657547076","1.027021954010275","976.32531138316","149.49147648522356","71.92852430367772"
"551.2","0.74","143.312","111.31200000000001","0.0","6","307.7600751201274","2.4401586875172354","974.1109462719704","63.061487905374925","77.89141159301465"
"551.2","0.74","143.312","111.31200000000001","0.0","7","307.76011871065936","2.4403017643149583","974.1108083008307","63.05779949248486","77.8918035867386"
"551.2","0.74","143.312","111.31200000000001","0.0","8","308.7590196726376","4.105626593465957","970.9593530833711","37.601936348037945","83.28854481745475"
"551.2","0.745","140.556","108.55600000000001","0.0","1","305.2997260643645","1.3570991524233378e-09","981.9611103640381","112482468771.42265","1.9611103640380634"
"551.2","0.745","140.556","108.55600000000001","0.0","2","306.6367192856535","0.2711697908745745","977.679576987394","565.396164330642","64.79689443367604"
"551.2","0.745","140.556","108.55600000000001","0.0","3","306.63671970280615","0.2711460118217719","977.6795756573459","565.4457494000737","64.79651490550168"
"551.2","0.745","140.556","108.55600000000001","0.0","4","307.0620143973638","1.0268664705873565","976.325445491423","149.51409126335952","71.92773325290719"
"551.2","0.745","140.556","108.55600000000001","0.0","5","307.0620566331125","1.027021254140604","976.3253111998843","149.49157838513156","71.92852152661399"
"551.2","0.745","140.556","108.55600000000001","0.0","6","307.7600751843138","2.4401585525133735","974.11094606881","63.06149140745785","77.89141155499219"
"551.2","0.745","140.556","108.55600000000001","0.0","7","307.7601186507324","2.4403022293680903","974.1108084905092","63.05778746315904","77.89180422554935"
"551.2","0.745","140.556","108.55600000000001","0.0","8","308.7590169393296","4.105629566827625","970.9593616788477","37.60190878324957","83.28853940565455"
"551.5","0.735","146.1475","114.14750000000001","0.0","1","306.0451060322143","1.629075058039652e-09","979.5695212601895","93932168601.3945","0.43047873981049634"
"551.5","0.735","146.1475","114.14750000000001","0.0","2","306.47007166867775","0.2712929732102898","978.2112046624349","564.8323066427541","64.26960004715218"
"551.5","0.735","146.1475","114.14750000000001","0.0","3","306.4700717198556","0.2713222911512669","978.2112044990822","564.7712733433192","64.27006951541235"
"551.5","0.735","146.1475","114.14750000000001","0.0","4","306.8955927082014","1.0273766061185934","976.8548819957963","149.35885773555148","71.40280816857522"
"551.5","0.735","146.1475","114.14750000000001","0.0","5","306.8956494813017","1.0275551815660107","976.8547012859025","149.33292877448574","71.40374288679796"
"551.5","0.735","146.1475","114.14750000000001","0.0","6","307.5940305794672","2.4414804971163035","974.6367880912057","62.99334173317676","77.37026543034663"
"551.5","0.735","146.1475","114.14750000000001","0.0","7","307.5941297407382","2.441636658175287","974.6364738907274","62.98933314070839","77.37085600368204"
"551.5","0.735","146.1475","114.14750000000001","0.0","8","308.59344226300374","4.107704654816077","971.4803263528104","37.56275927739759","82.77209877638919"
"551.5","0.74","143.39000000000001","111.39000000000001","0.0","1","305.59233918494556","3.059216860851619e-10","981.0208554297709","499461713707.79407","1.0208554297709043"
"551.5","0.74","143.39000000000001","111.39000000000001","0.0","2","306.47007166841445","0.27129297444444456","978.2112046632753","564.8323040727571","64.26960006607217"
"551.5","0.74","143.39000000000001","111.39000000000001","0.0","3","306.47007172089656","0.27132227736765396","978.2112044957595","564.7713020365367","64.27006929809167"
"551.5","0.74","143.39000000000001","111.39000000000001","0.0","4","306.89559272066197","1.0273765335700926","976.854881956134","149.3588682886361","71.40280790138281"
"551.5","0.74","143.39000000000001","111.39000000000001","0.0","5","306.89564946779893","1.027555462490353","976.8547013288819","149.33288794164733","71.40374403133148"
"551.5","0.74","143.39000000000001","111.39000000000001","0.0","6","307.5940305648541","2.4414805188352107","974.6367881375083","62.99334116980832","77.3702654228843"
"551.5","0.74","143.39000000000001","111.39000000000001","0.0","7","307.5941297594705","2.441636526591601","974.6364738313725","62.98933653914002","77.37085582872422"
"551.5","0.74","143.39000000000001","111.39000000000001","0.0","8","308.5934425725906","4.107704363327234","971.4803253782026","37.562761980590835","82.77209943845821"
"551.5","0.745","140.6325","108.6325","0.0","1","306.47007166752104","0.2712929899291754","978.2112046661268","564.8322718318839","64.26960031111786"
"551.5","0.745","140.6325","108.6325","0.0","2","306.4700717188555","0.27132230979730043","978.2112045022742","564.7712345288031","64.27006981069394"
"551.5","0.745","140.6325","108.6325","0.0","3","305.1563298307819","1.1672422381156729e-09","982.4225444258151","130716795480.00606","2.42254442581509"
"551.5","0.745","140.6325","108.6325","0.0","4","306.89559272040276","1.0273762390401728","976.854881956959","149.35891110695738","71.40280665551903"
"551.5","0.745","140.6325","108.6325","0.0","5","306.89564947579163","1.0275547635884628","976.8547013034411","149.33298951582876","71.40374110276187"
"551.5","0.745","140.6325","108.6325","0.0","6","307.59403056158055","2.4414806444288573","974.6367881478809","62.99333792866028","77.37026563596595"
"551.5","0.745","140.6325","108.6325","0.0","7","307.5941297476673","2.441636820218717","974.6364738687719","62.989328961731836","77.37085631376675"
"551.5","0.745","140.6325","108.6325","0.0","8","308.5934423613976","4.107703348756229","971.4803260430576","37.56277123259601","82.77209770390165"
"552.0","0.68","176.64","144.64","0.0","1","306.19272751047924","0.271567346623017","979.0972517129421","563.7510019485669","63.391875019521926"
"552.0","0.68","176.64","144.64","0.0","2","306.1927292201845","0.27153568793392396","979.0972462459029","563.8167335387127","63.39137414240074"
"552.0","0.68","176.64","144.64","0.0","3","306.61864328932086","1.028133536749444","977.7372138364079","149.1142114956823","70.52759580015322"
"552.0","0.68","176.64","144.64","0.0","4","306.6186696441008","1.0283634924898726","977.7371297970077","149.08088039070506","70.52865071502535"
"552.0","0.68","176.64","144.64","0.0","5","307.31777934871013","2.443591309406437","975.5128994988239","62.8824014403946","76.50180931329302"
"552.0","0.68","176.64","144.64","0.0","6","307.3177932070897","2.443854561444218","975.5128555084386","62.875630582835804","76.50232095509287"
"552.0","0.68","176.64","144.64","0.0","7","308.31802610078785","4.110585705767643","972.3481360833541","37.50293123291175","81.91121178109461"
"552.0","0.68","176.64","144.64","0.0","8","308.3183020145495","4.1112407036683924","972.3472659299117","37.49698986724885","81.9127700158816"
"552.0","0.7","165.60000000000002","133.60000000000002","0.0","1","306.1927275053505","0.2715674121855356","979.0972517293421","563.7508658368752","63.391876051679944"
"552.0","0.7","165.60000000000002","133.60000000000002","0.0","2","306.192729220741","0.2715356989451442","979.0972462441232","563.8167106760394","63.391374320286076"
"552.0","0.7","165.60000000000002","133.60000000000002","0.0","3","306.6186432183337","1.0281336992865295","977.7372140627699","149.11418788777706","70.52759626137049"
"552.0","0.7","165.60000000000002","133.60000000000002","0.0","4","306.61866970998","1.028362163046638","977.737129586934","149.08107315111044","70.52864530970923"
"552.0","0.7","165.60000000000002","133.60000000000002","0.0","5","307.3177794033237","2.443591344334854","975.5128993254651","62.882400552735554","76.50180954795759"
"552.0","0.7","165.60000000000002","133.60000000000002","0.0","6","307.31779313752577","2.4438551927391656","975.5128557292545","62.875614326614894","76.50232185712665"
"552.0","0.7","165.60000000000002","133.60000000000002","0.0","7","308.3180256258225","4.110586975680333","972.348137581261","37.5029195890927","81.91121163157493"
"552.0","0.7","165.60000000000002","133.60000000000002","0.0","8","309.39872912895146","1.3686569279116153e-10","968.9518080568853","1130300526082.354","11.048191943114716"
"552.0","0.72","154.56","122.56","0.0","1","306.192727500378","0.27156752677343937","979.0972517452424","563.7506279530714","63.39187786835596"
"552.0","0.72","154.56","122.56","0.0","2","306.19272921530387","0.2715357519937098","979.0972462615092","563.8166005160103","63.391375151436414"
"552.0","0.72","154.56","122.56","0.0","3","306.61864343573325","1.0281319192804739","977.737213369532","149.11444615507935","70.52758943258995"
"552.0","0.72","154.56","122.56","0.0","4","306.618669550349","1.0283596691128487","977.7371300959608","149.08143461852436","70.52863427063261"
"552.0","0.72","154.56","122.56","0.0","5","307.25028079663275","1.169373180165138e-09","975.7272059205405","131373921519.7509","4.272794079459459"
"552.0","0.72","154.56","122.56","0.0","6","307.3177792290124","2.4435919055899897","975.5128998787782","62.88238607395707","76.50180999461502"
"552.0","0.72","154.56","122.56","0.0","7","307.31779324388316","2.4438561045576352","975.512855391646","62.87559088907795","76.50232381361316"
"552.0","0.72","154.56","122.56","0.0","8","308.31802820384183","4.110578155860831","972.3481294509148","37.503000370427735","81.91121040722265"
"552.0","0.74","143.52","111.52000000000001","0.0","1","306.1927275048191","0.27156742544407697","979.0972517310413","563.7508383122931","63.3918762620208"
"552.0","0.74","143.52","111.52000000000001","0.0","2","306.19272921629016","0.271535764263413","979.0972462583554","563.8165750410265","63.391375350817924"
"552.0","0.74","143.52","111.52000000000001","0.0","3","305.3525142881696","1.1381990588160374e-09","981.7913525253557","134138449651.24088","1.7913525253557054"
"552.0","0.74","143.52","111.52000000000001","0.0","4","306.61864325505826","1.0281320132455236","977.7372139456636","149.1144324390549","70.52758925593636"
"552.0","0.74","143.52","111.52000000000001","0.0","5","306.61866970945994","1.0283617360690926","977.7371295885923","149.08113504957322","70.52864350486053"
"552.0","0.74","143.52","111.52000000000001","0.0","6","307.31777937088555","2.443591940337932","975.5128994284328","62.88238520879751","76.50181050471228"
"552.0","0.74","143.52","111.52000000000001","0.0","7","307.31779313114566","2.443855290016434","975.5128557495066","62.8756118225558","76.50232200983496"
"552.0","0.74","143.52","111.52000000000001","0.0","8","308.3180253162908","4.110580257301745","972.3481385574368","37.50298084663551","81.91120356160714"
"552.0","0.76","132.48","100.47999999999999","0.0","1","306.1927275004197","0.2715675262024808","979.0972517451088","563.7506291384087","63.3918778593581"
"552.0","0.76","132.48","100.47999999999999","0.0","2","306.1927292157569","0.27153574414461573","979.0972462600605","563.8166168146971","63.391375027340224"
"552.0","0.76","132.48","100.47999999999999","0.0","3","306.6186434327489","1.0281321753717862","977.7372133790485","149.11440901159986","70.52759050487408"
"552.0","0.76","132.48","100.47999999999999","0.0","4","306.618669550508","1.028359723713397","977.7371300954538","149.0814267031535","70.52863450172505"
"552.0","0.76","132.48","100.47999999999999","0.0","5","307.31777922747","2.4435918373496786","975.512899883674","62.882387829709536","76.50180986845892"
"552.0","0.76","132.48","100.47999999999999","0.0","6","307.31779324703666","2.4438560995361023","975.512855381636","62.87559101891726","76.50232381465491"
"552.0","0.76","132.48","100.47999999999999","0.0","7","303.696573565851","3.997082498970912e-11","987.1446835240487","3798978050165.8477","7.1446835240486735"
"552.0","0.76","132.48","100.47999999999999","0.0","8","308.3180285413288","4.110578177622584","972.3481283865761","37.50300021293468","81.91121148979943"
"552.0","0.78","121.43999999999998","89.43999999999998","0.0","1","306.1927275101792","0.27156735568108903","979.0972517139013","563.7509831442185","63.39187516342501"
"552.0","0.78","121.43999999999998","89.43999999999998","0.0","2","306.19272922189936","0.27153565718424605","979.0972462404192","563.8167973905124","63.39137365604938"
"552.0","0.78","121.43999999999998","89.43999999999998","0.0","3","306.61864330856406","1.0281342801890225","977.7372137750457","149.11410368118072","70.5275990016092"
"552.0","0.78","121.43999999999998","89.43999999999998","0.0","4","306.61866961105255","1.0283634569630098","977.7371299023908","149.08088552493246","70.52865046007463"
"552.0","0.78","121.43999999999998","89.43999999999998","0.0","5","307.31777933524114","2.4435910451057947","975.5128995415783","62.88240823904638","76.50180880099279"
"552.0","0.78","121.43999999999998","89.43999999999998","0.0","6","307.31779323305835","2.4438546336128555","975.5128554260071","62.87562873139006","76.5023211654074"
"552.0","0.78","121.43999999999998","89.43999999999998","0.0","7","308.31802667762906","4.110588158673239","972.3481342641596","37.50290892400467","81.911216183724"
"552.0","0.78","121.43999999999998","89.43999999999998","0.0","8","302.269725098156","1.2686633424546475e-09","991.8044485025698","119129210635.7056","11.804448502569812"
"558.0","0.68","178.55999999999997","146.55999999999997","0.0","1","305.0518316418354","4.151639350126872","982.7590819123143","36.73872004711984","77.10784169532624"
"558.0","0.68","178.55999999999997","146.55999999999997","0.0","2","304.04113749206573","2.470271566053577","986.0259715934768","61.54002290075979","78.13439505823115"
"558.0","0.68","178.55999999999997","146.55999999999997","0.0","3","304.04084334696466","2.4699155349962476","986.0269255268558","61.54883416841754","78.13472721559894"
"558.0","0.68","178.55999999999997","146.55999999999997","0.0","4","303.33393261491153","1.0383992965607887","988.3248320279172","146.0584255110549","76.67956588093477"
"558.0","0.68","178.55999999999997","146.55999999999997","0.0","5","303.33387562684777","1.0382180197941813","988.3250177068772","146.08390041572451","76.6789941475262"
"558.0","0.68","178.55999999999997","146.55999999999997","0.0","6","308.897495538378","8.659043869495481e-10","970.5240810628497","178366976882.1577","9.475918937150254"
"558.0","0.68","178.55999999999997","146.55999999999997","0.0","7","302.9033921186226","0.2745527709480701","989.7296161100621","551.6305500626596","72.31313301007413"
"558.0","0.68","178.55999999999997","146.55999999999997","0.0","8","302.9033909619323","0.27448387056375156","989.7296198895201","551.7690171371655","72.3120467857205"
"558.0","0.7","167.40000000000003","135.40000000000003","0.0","1","306.51404226696155","1.3789508592372334e-09","978.070876566538","111140306492.32481","1.9291234334619958"
"558.0","0.7","167.40000000000003","135.40000000000003","0.0","2","305.05183194842533","4.151644974533859","982.7590809246","36.73867031256401","77.10784658681996"
"558.0","0.7","167.40000000000003","135.40000000000003","0.0","3","304.0411375152929","2.4702709420690683","986.0259715181494","61.54003845032315","78.13439388555466"
"558.0","0.7","167.40000000000003","135.40000000000003","0.0","4","304.04084337864964","2.4699147360314737","986.0269254240993","61.548854084567736","78.13472570753997"
"558.0","0.7","167.40000000000003","135.40000000000003","0.0","5","303.3339326026149","1.0384008109523861","988.3248320679822","146.0582124952345","76.67957225488044"
"558.0","0.7","167.40000000000003","135.40000000000003","0.0","6","303.3338756112569","1.0382200018374672","988.3250177576756","146.0836215226104","76.67900248957743"
"558.0","0.7","167.40000000000003","135.40000000000003","0.0","7","302.9033921230091","0.27455269952990013","989.7296160957294","551.6306935638443","72.31313186596776"
"558.0","0.7","167.40000000000003","135.40000000000003","0.0","8","302.9033909675308","0.2744837795552578","989.7296198712272","551.7692000932093","72.31204532739048"
"558.0","0.72","156.24","124.24000000000001","0.0","1","305.0518335871868","4.151654486130785","982.759075645144","36.738586340247906","77.10785123389502"
"558.0","0.72","156.24","124.24000000000001","0.0","2","304.3890463999329","1.2482988377074372e-09","984.8989690848023","121921545228.28784","4.898969084802275"
"558.0","0.72","156.24","124.24000000000001","0.0","3","304.04113752057793","2.4702698539040258","986.0259715010098","61.54006556005813","78.13439195525322"
"558.0","0.72","156.24","124.24000000000001","0.0","4","304.0408434732793","2.4699131952103195","986.0269251172083","61.54889250012478","78.13472269001208"
"558.0","0.72","156.24","124.24000000000001","0.0","5","303.33393263992866","1.038403318713163","988.3248319464061","146.05785978026051","76.67958262106458"
"558.0","0.72","156.24","124.24000000000001","0.0","6","303.33387552862627","1.0382237309584192","988.3250180269033","146.08309677559026","76.67901835912653"
"558.0","0.72","156.24","124.24000000000001","0.0","7","302.90339213031734","0.2745525746729077","989.72961607185","551.6309444396684","72.31312986696335"
"558.0","0.72","156.24","124.24000000000001","0.0","8","302.9033909786967","0.27448360423882867","989.729619834743","551.7695525360778","72.31204251684879"
"558.0","0.74","145.08","113.08000000000001","0.0","1","305.0518325696339","4.151646483916058","982.7590789233061","36.73865703058278","77.10784615561346"
"558.0","0.74","145.08","113.08000000000001","0.0","2","304.0411375073436","2.470270696361874","986.0259715439299","61.54004456983691","78.13439347947474"
"558.0","0.74","145.08","113.08000000000001","0.0","3","304.04084342462096","2.4699140534029507","986.026925275011","61.54887110458872","78.13472435750316"
"558.0","0.74","145.08","113.08000000000001","0.0","4","303.3339326172328","1.0384012630417605","988.3248320203539","146.05814891282247","76.67957409783372"
"558.0","0.74","145.08","113.08000000000001","0.0","5","303.3338755800514","1.0382216746212916","988.3250178593494","146.08338613750163","76.67900958906075"
"558.0","0.74","145.08","113.08000000000001","0.0","6","302.9033921246122","0.27455267097282","989.7296160904914","551.6307509435937","72.31313140898355"
"558.0","0.74","145.08","113.08000000000001","0.0","7","302.9033909725535","0.2744837022335936","989.7296198548157","551.7693555349489","72.31204408750583"
"558.0","0.74","145.08","113.08000000000001","0.0","8","302.5114152200295","1.7186956974785886e-09","991.0120508409512","88006101273.14238","11.012050840951247"
"558.0","0.76","133.92","101.91999999999999","0.0","1","305.0518328486177","4.151644297703204","982.7590780245279","36.738676410377956","77.10784296591427"
"558.0","0.76","133.92","101.91999999999999","0.0","2","305.0513233602785","4.151625888841765","982.7607194017395","36.73877795445856","77.10947233943463"
"558.0","0.76","133.92","101.91999999999999","0.0","3","304.0411374878372","2.470270969474983","986.0259716071903","61.540037762022585","78.13439402316965"
"558.0","0.76","133.92","101.91999999999999","0.0","4","304.0408434152498","2.4699145072677666","986.0269253054021","61.54885979263742","78.134725186076"
"558.0","0.76","133.92","101.91999999999999","0.0","5","303.33393264572","1.0384006219222177","988.3248319275367","146.05823910438752","76.67957132322933"
"558.0","0.76","133.92","101.91999999999999","0.0","6","303.3338755663458","1.0382205456479607","988.3250179040051","146.08354498370718","76.6790049113456"
"558.0","0.76","133.92","101.91999999999999","0.0","7","302.9033921225907","0.2745527023696828","989.7296160970966","551.630687857397","72.31313191226138"
"558.0","0.76","133.92","101.91999999999999","0.0","8","302.90339096946377","0.2744837537815504","989.7296198649115","551.769251907221","72.31204491324951"
"558.0","0.78","122.75999999999999","90.75999999999999","0.0","1","305.05183188865556","4.151647679615764","982.7590811171551","36.738646367613754","77.10784960995201"
"558.0","0.78","122.75999999999999","90.75999999999999","0.0","2","305.0513246666171","4.151631413670284","982.7607151932076","36.738729221259796","77.10947389172945"
"558.0","0.78","122.75999999999999","90.75999999999999","0.0","3","304.0411375388717","2.470270516564092","986.025971441682","61.5400490553892","78.13439306067679"
"558.0","0.78","122.75999999999999","90.75999999999999","0.0","4","304.0408434011574","2.4699139432755954","986.0269253511048","61.54887384415082","78.13472424029092"
"558.0","0.78","122.75999999999999","90.75999999999999","0.0","5","303.33393257144417","1.0384016570390588","988.3248321695428","146.05809347241558","76.67957589550761"
"558.0","0.78","122.75999999999999","90.75999999999999","0.0","6","303.3338756258699","1.0382218537260761","988.3250177100634","146.08336095856316","76.67901018832504"
"558.0","0.78","122.75999999999999","90.75999999999999","0.0","7","302.90339212614464","0.2745526505093326","989.7296160854842","551.630792061591","72.31313108025763"
"558.0","0.78","122.75999999999999","90.75999999999999","0.0","8","302.9033909730313","0.27448368945459783","989.7296198532545","551.769381224261","72.31204388374547"
"564.0","0.68","180.47999999999996","148.47999999999996","0.0","1","306.04843974136224","1.4756066022871728e-09","979.5588510542673","103702585522.11368","0.4411489457327207"
"564.0","0.68","180.47999999999996","148.47999999999996","0.0","2","301.84716667639753","4.1997862012038905","993.1928840047706","35.936015813123","87.63758474790659"
"564.0","0.68","180.47999999999996","148.47999999999996","0.0","3","301.8466241964007","4.1997331949179815","993.1946689751147","35.93640478895893","87.63932270993858"
"564.0","0.68","180.47999999999996","148.47999999999996","0.0","4","300.8205746513776","2.503147735317218","996.582292775123","60.088457905832584","88.79438218973874"
"564.0","0.68","180.47999999999996","148.47999999999996","0.0","5","300.82040135554263","2.50293656641919","996.5828668836604","60.09349285785325","88.79459240804684"
"564.0","0.68","180.47999999999996","148.47999999999996","0.0","6","300.1036406252761","1.0522805766401815","998.9630828049011","142.59677850534632","87.42198566286712"
"564.0","0.68","180.47999999999996","148.47999999999996","0.0","7","300.1035838072294","1.0521072873268509","998.9632719367015","142.62023817443549","87.42146036290086"
"564.0","0.68","180.47999999999996","148.47999999999996","0.0","8","299.66776644001123","0.2784245345622968","1000.4160993405133","538.1489941450567","83.10707401179289"
"564.0","0.7","169.20000000000002","137.20000000000002","0.0","1","303.6918714337405","8.098894311346134e-10","987.1599677155294","187489711409.29932","7.159967715529433"
"564.0","0.7","169.20000000000002","137.20000000000002","0.0","2","301.84716668355304","4.199786210913039","993.1928839812263","35.9360157308973","87.63758473429942"
"564.0","0.7","169.20000000000002","137.20000000000002","0.0","3","301.84662414028537","4.199732255393633","993.1946691597562","35.93641282163044","87.6393219238251"
"564.0","0.7","169.20000000000002","137.20000000000002","0.0","4","300.8205746498053","2.5031477373537148","996.5822927803321","60.08845785663208","88.79438219850377"
"564.0","0.7","169.20000000000002","137.20000000000002","0.0","5","300.8204013541175","2.5029366634492303","996.5828668883815","60.09349052795546","88.79459258114929"
"564.0","0.7","169.20000000000002","137.20000000000002","0.0","6","300.10364062606095","1.0522805734229583","998.9630828022887","142.59677894169198","87.42198564696531"
"564.0","0.7","169.20000000000002","137.20000000000002","0.0","7","300.1035838078883","1.0521070459504356","998.9632719345082","142.62027089495706","87.42145936433135"
"564.0","0.7","169.20000000000002","137.20000000000002","0.0","8","299.6677664393304","0.2784245455445971","1000.416099342786","538.1489729168484","83.10707418538051"
"564.0","0.72","157.92000000000002","125.92000000000002","0.0","1","301.84716688738945","4.199787690621053","993.1928833105266","35.936003093855575","87.63758559081367"
"564.0","0.72","157.92000000000002","125.92000000000002","0.0","2","301.84662411360176","4.19973558604329","993.1946692475559","35.93638431865915","87.63932545623345"
"564.0","0.72","157.92000000000002","125.92000000000002","0.0","3","301.58749864640475","2.643043202362227e-10","994.0480270088736","570530777508.4042","14.048027008873646"
"564.0","0.72","157.92000000000002","125.92000000000002","0.0","4","300.820574639909","2.503147579420003","996.5822928131174","60.08846164587932","88.79438195741804"
"564.0","0.72","157.92000000000002","125.92000000000002","0.0","5","300.82040138476543","2.502936300284258","996.5828667868485","60.09349925337719","88.79459184903178"
"564.0","0.72","157.92000000000002","125.92000000000002","0.0","6","300.1036406307423","1.0522809506829487","998.9630827867055","142.5967278206309","87.42198718833166"
"564.0","0.72","157.92000000000002","125.92000000000002","0.0","7","300.10358379091883","1.0521079253214183","998.963271990995","142.62015168227032","87.42146305097778"
"564.0","0.72","157.92000000000002","125.92000000000002","0.0","8","299.6677664421173","0.2784245045764161","1000.4160993334822","538.1490521066381","83.107073537003"
"564.0","0.74","146.64000000000001","114.64000000000001","0.0","1","301.8471666494591","4.199784785877587","993.1928840934083","35.9360279203432","87.63758337336098"
"564.0","0.74","146.64000000000001","114.64000000000001","0.0","2","301.8466241331408","4.19973013074011","993.1946691832648","35.936431001097084","87.63931975033077"
"564.0","0.74","146.64000000000001","114.64000000000001","0.0","3","300.82057464286527","2.50314788712861","996.5822928033235","60.08845425987596","88.79438248145387"
"564.0","0.74","146.64000000000001","114.64000000000001","0.0","4","300.8204013413295","2.502936878627517","996.5828669307467","60.09348535914419","88.79459299706346"
"564.0","0.74","146.64000000000001","114.64000000000001","0.0","5","300.1036406312422","1.052280207058463","998.9630827850418","142.5968285910033","87.42198411759324"
"564.0","0.74","146.64000000000001","114.64000000000001","0.0","6","300.10358381743447","1.052106495018882","998.9632719027314","142.62034558205465","87.42145705825058"
"564.0","0.74","146.64000000000001","114.64000000000001","0.0","7","299.72839354005913","7.133697247539337e-10","1000.2137417119019","210079278065.4141","20.21374171190189"
"564.0","0.74","146.64000000000001","114.64000000000001","0.0","8","299.66776643776","0.27842456961155676","1000.4160993480288","538.1489263965473","83.10707456604928"
"564.0","0.76","135.35999999999999","103.35999999999999","0.0","1","301.84716731300904","4.1997887463195305","993.1928819100748","35.93599411131473","87.63758527592181"
"564.0","0.76","135.35999999999999","103.35999999999999","0.0","2","301.8466236383574","4.199734946312206","993.1946708112974","35.93638973614388","87.63932636526707"
"564.0","0.76","135.35999999999999","103.35999999999999","0.0","3","300.82057460206903","2.503147466413127","996.5822929384766","60.088464351069256","88.79438188725732"
"564.0","0.76","135.35999999999999","103.35999999999999","0.0","4","300.82040142700805","2.502936389639419","996.5828666469037","60.093497116469905","88.79459186352076"
"564.0","0.76","135.35999999999999","103.35999999999999","0.0","5","300.10364065247495","1.0522811730790722","998.9630827143636","142.59669769361352","87.42198803354229"
"564.0","0.76","135.35999999999999","103.35999999999999","0.0","6","300.10358376396937","1.0521078042606486","998.9632720807024","142.6201680800487","87.42146264135425"
"564.0","0.76","135.35999999999999","103.35999999999999","0.0","7","299.66776685397986","0.27846468115427814","1000.4160979585131","538.0714092929339","83.10769879657246"
"564.0","0.76","135.35999999999999","103.35999999999999","0.0","8","299.6677664420811","0.2784245148000253","1000.4160993336034","538.1490323460085","83.10707369659549"
"564.0","0.78","124.07999999999998","92.07999999999998","0.0","1","301.8471667731341","4.199786969420277","993.1928836864702","35.93600925129781","87.63758522261693"
"564.0","0.78","124.07999999999998","92.07999999999998","0.0","2","301.8466238743923","4.1997270560339715","993.1946700346493","35.93645728008838","87.63931742588056"
"564.0","0.78","124.07999999999998","92.07999999999998","0.0","3","300.82057464103553","2.503147684451893","996.5822928093851","60.08845912479697","88.79438213589907"
"564.0","0.78","124.07999999999998","92.07999999999998","0.0","4","300.82040134068086","2.5029372470490054","996.5828669328956","60.09347651351465","88.79459363848437"
"564.0","0.78","124.07999999999998","92.07999999999998","0.0","5","300.10364063028874","1.0522807427658587","998.9630827882154","142.5967559956879","87.42198633173835"
"564.0","0.78","124.07999999999998","92.07999999999998","0.0","6","300.1035838141775","1.0521057148373243","998.9632719135733","142.62045133961624","87.42145384866073"
"564.0","0.78","124.07999999999998","92.07999999999998","0.0","7","299.6677668529322","0.2784647068355466","1000.4160979620107","538.0713596676859","83.10769920061115"
"564.0","0.78","124.07999999999998","92.07999999999998","0.0","8","299.6677664352456","0.2784246113038448","1000.4160993564228","538.1488458077043","83.10707522480779"
"564.2","0.68","180.54399999999998","148.54399999999998","0.0","1","305.9545911922546","6.871656855697907e-10","979.8593210572792","222620684950.6464","0.14067894272079684"
"564.2","0.68","180.54399999999998","148.54399999999998","0.0","2","301.74184166989863","4.201161987021852","993.5395646188465","35.911712355061965","87.98720348080651"
"564.2","0.68","180.54399999999998","148.54399999999998","0.0","3","301.74130915693206","4.201115140608293","993.5413180171546","35.91204942710068","87.98891611585667"
"564.2","0.68","180.54399999999998","148.54399999999998","0.0","4","300.71487037735886","2.5040365900409918","996.9326013834919","60.04602160634483","89.1477590015978"
"564.2","0.68","180.54399999999998","148.54399999999998","0.0","5","300.71470071627294","2.5038241282638665","996.933163845744","60.051082925857564","89.14795540953989"
"564.2","0.68","180.54399999999998","148.54399999999998","0.0","6","299.9976727864981","1.052634115162063","999.3159454052028","142.49855123701295","87.77784091565009"
"564.2","0.68","180.54399999999998","148.54399999999998","0.0","7","299.9976165622969","1.052461240698712","999.316132692493","142.5219309563996","87.77731571497719"
"564.2","0.68","180.54399999999998","148.54399999999998","0.0","8","299.56164142385524","0.2785247459227269","1000.77051445922","537.7648589740833","83.46459026711315"
"564.25","0.68","180.55999999999997","148.55999999999997","0.0","1","305.93138418224237","7.830486779587771e-10","979.9336501593265","195346338480.34406","0.06634984067352434"
"564.25","0.68","180.55999999999997","148.55999999999997","0.0","2","301.7155155743511","4.201489543966866","993.6262556113816","35.905779654694115","88.07461199743392"
"564.25","0.68","180.55999999999997","148.55999999999997","0.0","3","301.7149962610327","4.201451460575914","993.6279658457237","35.90604331528742","88.07629034111066"
"564.25","0.68","180.55999999999997","148.55999999999997","0.0","4","300.6884538035038","2.5042512924118983","997.0201855369899","60.035599205761876","89.23609704083479"
"564.25","0.68","180.55999999999997","148.55999999999997","0.0","5","300.68829033399425","2.504051654622504","997.0207275680767","60.04035295736027","89.23629520155437"
"564.25","0.68","180.55999999999997","148.55999999999997","0.0","6","299.9711924483862","1.052717439016471","999.4041612898646","142.47469517016938","87.86678392528559"
"564.25","0.68","180.55999999999997","148.55999999999997","0.0","7","299.9711367486509","1.0525485080850603","999.4043468628763","142.49753547910075","87.86627333080526"
"564.25","0.68","180.55999999999997","148.55999999999997","0.0","8","299.5351219379438","0.2785507141535379","1000.8591181574676","537.667122570792","83.55398334825952"
"564.3","0.68","180.57599999999996","148.57599999999996","0.0","1","305.90754547877066","1.0190870882925759e-09","980.0100142374714","150089010543.39813","0.010014237471409615"
"564.3","0.68","180.57599999999996","148.57599999999996","0.0","2","301.68921152116167","4.201844003458964","993.7128891298499","35.89962065141051","88.16199053539532"
"564.3","0.68","180.57599999999996","148.57599999999996","0.0","3","301.68867194156945","4.201793885006101","993.7146664163224","35.89998464919126","88.16372378757904"
"564.3","0.68","180.57599999999996","148.57599999999996","0.0","4","300.6620471446365","2.504477876794351","997.1077521992054","60.024895793744044","89.32443805148012"
"564.3","0.68","180.57599999999996","148.57599999999996","0.0","5","300.6618782292718","2.5042674367330684","997.1083123860192","60.02990611527876","89.32463574467238"
"564.3","0.68","180.57599999999996","148.57599999999996","0.0","6","299.9447177120872","1.052809967652512","999.4923740839694","142.44960008351964","87.95576174068647"
"564.3","0.68","180.57599999999996","148.57599999999996","0.0","7","299.94466049287223","1.0526344956760112","999.4925647530375","142.4733189559046","87.95522933872529"
"564.3","0.68","180.57599999999996","148.57599999999996","0.0","8","299.50860715596167","0.278574886567657","1000.9477218258723","537.5728782415218","83.6433483312029"
"564.35","0.68","180.59199999999998","148.59199999999998","0.0","1","305.8843473239303","1.1331438198854034e-09","980.084337831517","134971546398.61375","0.08433783151701846"
"564.35","0.68","180.59199999999998","148.59199999999998","0.0","2","301.66289985641475","4.202202740373028","993.7995628322044","35.89342524554589","88.24941378961883"
"564.35","0.68","180.59199999999998","148.59199999999998","0.0","3","301.6623609881403","4.2021271125998325","993.8013380853512","35.894007118873596","88.25111863925149"
"564.35","0.68","180.59199999999998","148.59199999999998","0.0","4","300.63564165041475","2.5047030138585216","997.1953303813683","60.01422922937326","89.41278805367395"
"564.35","0.68","180.59199999999998","148.59199999999998","0.0","5","300.63547362889244","2.5044844496989067","997.195887701752","60.01943307434696","89.41296881283058"
"564.35","0.68","180.59199999999998","148.59199999999998","0.0","6","299.91824655071116","1.0529007301913684","999.5805905370619","142.42475000288013","88.04473587890722"
"564.35","0.68","180.59199999999998","148.59199999999998","0.0","7","299.91818969693486","1.0527198647279314","999.5807800218389","142.44919267978608","88.04418009933123"
"564.35","0.68","180.59199999999998","148.59199999999998","0.0","8","299.4820970857869","0.27859938606349527","1001.036325433918","537.4780277109661","83.73271828551003"
"564.4","0.68","180.60799999999998","148.60799999999998","0.0","1","305.8608817129247","1.0005234446510333e-09","980.1595297870736","152850432115.36343","0.15952978707355214"
"564.4","0.68","180.60799999999998","148.60799999999998","0.0","2","301.63660021854633","4.2025446185897035","993.8862120272867","35.88737629153001","88.33679494291285"
"564.4","0.68","180.60799999999998","148.60799999999998","0.0","3","301.6360486078953","4.202468887121386","993.8880295760277","35.88795737813427","88.33854217147768"
"564.4","0.68","180.60799999999998","148.60799999999998","0.0","4","300.609243804773","2.504925609220145","997.2828985747908","60.00362699360985","89.50112354833725"
"564.4","0.68","180.60799999999998","148.60799999999998","0.0","5","300.609071329585","2.504703378121847","997.2834707682867","60.008916416082144","89.50131292068326"
"564.4","0.68","180.60799999999998","148.60799999999998","0.0","6","299.8917810152964","1.0529898702227776","999.6688038099607","142.40012629554036","88.13370006516632"
"564.4","0.68","180.60799999999998","148.60799999999998","0.0","7","299.8917229796659","1.0528056587169072","999.6689972678151","142.4250147672814","88.13313453623142"
"564.4","0.68","180.60799999999998","148.60799999999998","0.0","8","299.45559168878214","0.2786238895009576","1001.1249291065768","537.3831946448241","83.82208829854054"
"570.0","0.68","182.39999999999998","150.39999999999998","0.0","1","303.25712270430336","8.52576584521532e-10","988.5751580262744","177847438112.84235","8.57515802627438"
"570.0","0.68","182.39999999999998","150.39999999999998","0.0","2","300.0360315198206","7.013180144476185","999.1881857702663","21.39086871710682","95.885901547092"
"570.0","0.68","182.39999999999998","150.39999999999998","0.0","3","298.7197511459431","4.240895631809161","1003.5910141527025","35.2189463123512","98.12325056755887"
"570.0","0.68","182.39999999999998","150.39999999999998","0.0","4","298.71932229162263","4.240955285678005","1003.5924549511723","35.218400356685926","98.12475868984018"
"570.0","0.68","182.39999999999998","150.39999999999998","0.0","5","297.68187846410365","2.529689147724553","1007.0900504484383","58.83763993925252","99.39349800603357"
"570.0","0.68","182.39999999999998","150.39999999999998","0.0","6","297.6817260477816","2.529527045088846","1007.0905660896351","58.841380373010786","99.39373756577805"
"570.0","0.68","182.39999999999998","150.39999999999998","0.0","7","296.9570076156405","1.0627851205857377","1009.5483531677742","139.70698397244084","98.0961719967627"
"570.0","0.68","182.39999999999998","150.39999999999998","0.0","8","296.95695938883875","1.0626509231355539","1009.5485171217975","139.72460425320608","98.09578823957241"
"570.0","0.7","171.00000000000003","139.00000000000003","0.0","1","300.9245656365308","2.495034208545005e-10","996.2379022326206","603046973476.2012","16.237902232620627"
"570.0","0.7","171.00000000000003","139.00000000000003","0.0","2","300.0360311388204","7.013181152409543","999.1881870390835","21.39086561565118","95.88590344559151"
"570.0","0.7","171.00000000000003","139.00000000000003","0.0","3","298.7197525170705","4.240892243381006","1003.5910095462074","35.21897461357323","98.12324247116383"
"570.0","0.7","171.00000000000003","139.00000000000003","0.0","4","298.7193203182882","4.240941255017665","1003.5924615808858","35.2185166400099","98.12475098013965"
"570.0","0.7","171.00000000000003","139.00000000000003","0.0","5","297.6818782983082","2.529689670792122","1007.090051009342","58.837627740539226","99.39349946735312"
"570.0","0.7","171.00000000000003","139.00000000000003","0.0","6","297.6817261234349","2.529528523957421","1007.0905658336914","58.84134598682345","99.3937398477992"
"570.0","0.7","171.00000000000003","139.00000000000003","0.0","7","296.95700780324273","1.0627838155378735","1009.548352529993","139.70715561421736","98.096166023312"
"570.0","0.7","171.00000000000003","139.00000000000003","0.0","8","296.95695928118727","1.062647700266904","1009.5485174877745","139.72502796863012","98.09577543557168"
"570.0","0.72","159.60000000000002","127.60000000000002","0.0","1","300.0360312491242","7.013184170099437","999.1881866717467","21.39085641927967","95.88590494537615"
"570.0","0.72","159.60000000000002","127.60000000000002","0.0","2","298.84348610277317","2.0161460896612448e-09","1003.1754812848772","74112557526.27162","23.17548128487715"
"570.0","0.72","159.60000000000002","127.60000000000002","0.0","3","298.7197504797067","4.240882176964793","1003.5910163910175","35.219057971271084","98.12323903692818"
"570.0","0.72","159.60000000000002","127.60000000000002","0.0","4","298.7193223461705","4.240942334362354","1003.5924547679105","35.21850791577485","98.1247452429869"
"570.0","0.72","159.60000000000002","127.60000000000002","0.0","5","297.6818784121847","2.529690578254946","1007.0900506240858","58.83760665652917","99.393500638358"
"570.0","0.72","159.60000000000002","127.60000000000002","0.0","6","297.68172595957725","2.529528431327384","1007.0905663880401","58.84134810917447","99.39374024550207"
"570.0","0.72","159.60000000000002","127.60000000000002","0.0","7","296.9570076588497","1.062781648496405","1009.548353020878","139.7074404130785","98.09615766093194"
"570.0","0.72","159.60000000000002","127.60000000000002","0.0","8","296.95695944477404","1.0626475014222658","1009.5485169316372","139.7250541912166","98.09577406438191"
"570.0","0.74","148.20000000000002","116.20000000000002","0.0","1","300.0360309008755","7.013181435925857","999.1881878314942","21.39086473393553","95.88590441701527"
"570.0","0.74","148.20000000000002","116.20000000000002","0.0","2","298.71975256914885","4.240890427349433","1003.5910093712428","35.21898970116159","98.12324043570922"
"570.0","0.74","148.20000000000002","116.20000000000002","0.0","3","298.71932061837293","4.240948551116064","1003.592460572706","35.218456085698186","98.1247574391756"
"570.0","0.74","148.20000000000002","116.20000000000002","0.0","4","297.6818783141439","2.52968976346411","1007.0900509557684","58.83762558822705","99.39349957264683"
"570.0","0.74","148.20000000000002","116.20000000000002","0.0","5","297.6817261441141","2.529527707119218","1007.0905657637313","58.84136499203094","99.39373837510861"
"570.0","0.74","148.20000000000002","116.20000000000002","0.0","6","297.0026861852712","2.1030135945049474e-09","1009.393086138583","70613591600.48276","29.393086138583044"
"570.0","0.74","148.20000000000002","116.20000000000002","0.0","7","296.95700778012286","1.062783490221006","1009.5483526085924","139.7071983675483","98.09616477287898"
"570.0","0.74","148.20000000000002","116.20000000000002","0.0","8","296.956959301797","1.0626494467807588","1009.5485174177086","139.7247983337368","98.09578250304232"
"570.0","0.76","136.79999999999998","104.79999999999998","0.0","1","300.03603106785897","7.013180881530993","999.1881872754012","21.39086643679725","95.88590351519362"
"570.0","0.76","136.79999999999998","104.79999999999998","0.0","2","300.03557614413404","7.013630755303894","999.1897022771151","21.389461935762668","95.8877036793046"
"570.0","0.76","136.79999999999998","104.79999999999998","0.0","3","298.7197519313145","4.240892764525235","1003.5910115141371","35.21897021661145","98.12324498129458"
"570.0","0.76","136.79999999999998","104.79999999999998","0.0","4","298.7193214021832","4.240954133520306","1003.5924579393778","35.21840981975252","98.12476051111112"
"570.0","0.76","136.79999999999998","104.79999999999998","0.0","5","297.6818783874177","2.5296894773322594","1007.090050707875","58.83763225780281","99.39349883245617"
"570.0","0.76","136.79999999999998","104.79999999999998","0.0","6","297.6817261031437","2.529527157151706","1007.0905659023388","58.841377777168994","99.39373757007473"
"570.0","0.76","136.79999999999998","104.79999999999998","0.0","7","296.9570076298995","1.0627840562380075","1009.5483531192984","139.70712389168398","98.09616759874602"
"570.0","0.76","136.79999999999998","104.79999999999998","0.0","8","296.9569592349362","1.0626506831868017","1009.5485176450115","139.72463573090022","98.09578778439128"
"570.0","0.78","125.39999999999999","93.39999999999999","0.0","1","300.03603187789116","7.013181239418125","999.1881845778099","21.39086540295833","95.88590102750057"
"570.0","0.78","125.39999999999999","93.39999999999999","0.0","2","300.03557592641334","7.013634055105678","999.1897030021765","21.389451856844317","95.8877064508035"
"570.0","0.78","125.39999999999999","93.39999999999999","0.0","3","298.7197518715039","4.240892074580542","1003.5910117150793","35.21897593928391","98.12324447655885"
"570.0","0.78","125.39999999999999","93.39999999999999","0.0","4","298.71932115404695","4.240942692039791","1003.5924587730287","35.21850480492701","98.12474963171715"
"570.0","0.78","125.39999999999999","93.39999999999999","0.0","5","297.68187835342553","2.52968965196907","1007.0900508228742","58.837628189235524","99.39349924776599"
"570.0","0.78","125.39999999999999","93.39999999999999","0.0","6","297.6817260486796","2.5295282788055538","1007.0905660865969","58.841351674717245","99.3937396808944"
"570.0","0.78","125.39999999999999","93.39999999999999","0.0","7","296.9570079066426","1.0627840479425803","1009.5483521784702","139.7071251123476","98.09616661997212"
"570.0","0.78","125.39999999999999","93.39999999999999","0.0","8","296.9569591700481","1.062648057307696","1009.5485178656081","139.72498096990472","98.09577727422383"
