source,design_id,family,lambda980_nm,q980,lambda451_nm,q451,min_feature_nm,min_gap_nm,dual_score
fine_scan_2d.csv,fine_primitive_P562_f0p72,primitive_1d_grating_fine,980.1151563591376,3542134894.306067,453.2915957181224,1300.058737615254,157.36,157.36,10.066056538413562
fine_scan_2d.csv,fine_primitive_P556_f0p75,primitive_1d_grating_fine,981.0990912051759,7010413823.772181,451.47166907605424,724.4471727655671,139.0,139.0,11.229824598884026
fine_scan_2d.csv,fine_primitive_P558_f0p74,primitive_1d_grating_fine,980.9732810396644,5427701837.8224535,449.93086888708734,544.6553268298215,145.07999999999998,145.07999999999998,12.0712061703626
fine_scan_2d.csv,fine_primitive_P554_f0p76,primitive_1d_grating_fine,981.0214759666696,8537747201.544399,452.94780130192703,933.8950776912071,132.95999999999998,132.95999999999998,12.10956088982927
fine_scan_2d.csv,fine_primitive_P550_f0p78,primitive_1d_grating_fine,980.2887012456321,12047275019.410818,455.6603221688373,1307.469748748965,121.0,121.0,12.771998062994687
fine_scan_2d.csv,fine_primitive_P552_f0p76,primitive_1d_grating_fine,977.9550557152727,9453471897.508945,451.73253957117436,911.8230885040903,132.48000000000002,132.48000000000002,12.98278580108461
fine_scan_2d.csv,fine_primitive_P554_f0p75,primitive_1d_grating_fine,978.0367876632693,7177829168.170396,450.2655584387689,694.664066658245,138.5,138.5,13.293766897008084
fine_scan_2d.csv,fine_primitive_P560_f0p72,primitive_1d_grating_fine,977.0893278772238,3900365812.328736,451.8632393135277,1298.2547723610553,156.8,156.8,14.231143848165322
fine_scan_2d.csv,fine_primitive_P556_f0p74,primitive_1d_grating_fine,977.9269593700376,6016572947.828588,454.5689887578687,1799.2151751961603,144.56,144.56,14.694737596068604
fine_scan_2d.csv,fine_primitive_P548_f0p78,primitive_1d_grating_fine,977.205358612719,13415344137.389809,454.42610377652693,1366.480105458933,120.56,120.56,16.472973298309135
fine_scan_2d.csv,fine_primitive_P560_f0p74,primitive_1d_grating_fine,984.0177472959704,4944555208.014532,451.1222397553627,572.1247143067407,145.60000000000002,145.60000000000002,17.12777151303007
fine_scan_2d.csv,fine_primitive_P564_f0p72,primitive_1d_grating_fine,983.1375894452472,3199405414.629841,454.7129904361332,1270.1705523837768,157.92000000000002,157.92000000000002,17.572721167257107
wide_shallow_groove_scan_2d.csv,groove_P550_f0p78_gw100_gd100,wide_shallow_groove_1d,976.8410067703269,9732741184.998209,446.2757222166117,1785.7841816043663,100.0,121.0,18.03494835599544
fine_scan_2d.csv,fine_primitive_P546_f0p80,primitive_1d_grating_fine,978.7855593942363,15927006336.696348,449.6218365081532,55.170836337869865,109.19999999999999,109.19999999999999,18.340206433363853
fine_scan_2d.csv,fine_primitive_P558_f0p75,primitive_1d_grating_fine,984.153271946982,6247780857.634561,452.6747035780947,750.3156791317499,139.5,139.5,18.48027138456945
fine_scan_2d.csv,fine_primitive_P564_f0p70,primitive_1d_grating_fine,975.4466891646842,2381366085.776123,449.6386968842871,778.05171319021,169.20000000000005,169.20000000000005,18.903890933055173
fine_scan_2d.csv,fine_primitive_P550_f0p76,primitive_1d_grating_fine,974.8891731114165,10326362141.393084,450.5132682311501,882.3290046959419,132.0,132.0,18.925863322128805
fine_scan_2d.csv,fine_primitive_P554_f0p74,primitive_1d_grating_fine,974.8782735185566,6494797323.309079,453.11731872993056,1934.5708724491983,144.04000000000002,144.04000000000002,19.21443311440723
fine_scan_2d.csv,fine_primitive_P548_f0p80,primitive_1d_grating_fine,981.8824819038845,15053401931.105228,450.02817311308456,55.28940838908652,109.59999999999997,109.59999999999997,19.266222923081337
fine_scan_2d.csv,fine_primitive_P556_f0p76,primitive_1d_grating_fine,984.0892872754522,7838144014.45414,454.15917366643794,946.4038246434154,133.44,133.44,19.43344227049861
fine_scan_2d.csv,fine_primitive_P558_f0p72,primitive_1d_grating_fine,974.0606312263322,4283873726.7653713,450.4299936892805,1272.1702233875974,156.24,156.24,20.03056295327155
fine_scan_2d.csv,fine_primitive_P552_f0p78,primitive_1d_grating_fine,983.3709840759053,10932379960.969414,456.88913673950555,1224.8576706724962,121.44,121.44,20.278762386090314
fine_scan_2d.csv,fine_primitive_P552_f0p75,primitive_1d_grating_fine,974.9782194009023,7840692578.726101,454.6112995856877,2057.204839021695,138.0,138.0,20.401750635037743
wide_shallow_groove_scan_2d.csv,groove_P554_f0p76_gw100_gd100,wide_shallow_groove_1d,977.560522804641,6161188199.505435,445.69085186002525,267.9442926551489,100.0,132.95999999999998,20.475924487522068
wide_shallow_groove_scan_2d.csv,groove_P558_f0p74_gw100_gd100,wide_shallow_groove_1d,977.4932139901123,4652076472.038403,452.23569233279613,24.81932239524518,100.0,145.07999999999998,20.67010467083822
wide_shallow_groove_scan_2d.csv,groove_P556_f0p75_gw100_gd100,wide_shallow_groove_1d,977.6317014990607,5746330136.155124,452.82408606309724,25.234589876174525,100.0,139.0,20.952698061859202
wide_shallow_groove_scan_2d.csv,groove_P550_f0p78_gw100_gd120,wide_shallow_groove_1d,975.7982069763748,8990362038.339397,444.974613294293,2281.363391515067,100.0,121.0,20.99619487996156
wide_shallow_groove_scan_2d.csv,groove_P562_f0p72_gw100_gd100,wide_shallow_groove_1d,976.6119488822194,2845807379.732828,451.07562701288003,24.609128950090405,100.0,157.36,21.287344280645723
fine_scan_2d.csv,fine_primitive_P546_f0p78,primitive_1d_grating_fine,974.1129812823522,15568638781.565825,453.19105532711234,1400.6147736229716,120.12,120.12,21.379817950587174
wide_shallow_groove_scan_2d.csv,groove_P558_f0p74_gw100_gd120,wide_shallow_groove_1d,976.444156780321,4261024682.7647142,451.70456532748557,26.500118628529506,100.0,145.07999999999998,22.123260494552856
wide_shallow_groove_scan_2d.csv,groove_P556_f0p75_gw100_gd120,wide_shallow_groove_1d,976.5860014024349,5529449392.50357,452.2374040130833,26.976326020846702,100.0,139.0,22.341470001743374
wide_shallow_groove_scan_2d.csv,groove_P554_f0p76_gw100_gd120,wide_shallow_groove_1d,976.516006218426,6066881707.90446,452.7775481164025,27.75007109489968,100.0,132.95999999999998,22.972479279109123
wide_shallow_groove_scan_2d.csv,groove_P562_f0p72_gw100_gd120,wide_shallow_groove_1d,975.555111135004,2666747809.5143895,450.69941270424937,26.271965419175107,100.0,157.36,23.512394770567276
fine_scan_2d.csv,fine_primitive_P562_f0p74,primitive_1d_grating_fine,987.0556544501067,4474599098.948973,452.3094882853788,597.6415717148965,146.12,146.12,24.315033988739977
wide_shallow_groove_scan_2d.csv,groove_P550_f0p78_gw100_gd150,wide_shallow_groove_1d,974.1151882529481,8729280670.38635,444.19560160868554,2804.3832947054566,100.0,121.0,24.782672399738825
fine_scan_2d.csv,fine_primitive_P550_f0p80,primitive_1d_grating_fine,984.9810048241748,15099695024.1257,450.4310608136687,55.36365720966802,110.0,110.0,25.05804975068395
wide_shallow_groove_scan_2d.csv,groove_P558_f0p74_gw120_gd100,wide_shallow_groove_1d,975.2681551979938,4247902280.7690396,452.32190912987494,24.73234125104696,100.0,145.07999999999998,25.212537813240814
wide_shallow_groove_scan_2d.csv,groove_P556_f0p75_gw100_gd150,wide_shallow_groove_1d,974.8910307672758,5081779324.413809,449.358356950412,41.01705634193471,100.0,139.0,25.40772355793071
wide_shallow_groove_scan_2d.csv,groove_P554_f0p76_gw100_gd150,wide_shallow_groove_1d,974.8262785686259,5621341290.871299,449.3525185990829,43.60104253710588,100.0,132.95999999999998,25.436936768728728
wide_shallow_groove_scan_2d.csv,groove_P556_f0p75_gw120_gd100,wide_shallow_groove_1d,975.4081008330878,5355045736.4699335,452.93835836540615,25.11821735330552,100.0,139.0,25.522201442583626
fine_scan_2d.csv,fine_primitive_P560_f0p75,primitive_1d_grating_fine,987.2044202204338,5546808658.776342,453.87198041913723,770.8604191294213,140.0,140.0,25.732917872780234
coarse_scan_2d.csv,primitive_P560_f0p75,primitive_1d_grating,987.2044202204338,5546808658.776342,453.87198041913723,770.8604191294174,140.0,140.0,25.732917872780245
wide_shallow_groove_scan_2d.csv,groove_P562_f0p72_gw120_gd100,wide_shallow_groove_1d,974.3745580296971,2510229356.72176,451.1166734768417,24.515438947754177,100.0,157.36,25.809798722753
wide_shallow_groove_scan_2d.csv,groove_P558_f0p74_gw100_gd150,wide_shallow_groove_1d,974.7446748642122,4057537683.903044,449.3187648546261,39.29857260964051,100.0,145.07999999999998,25.81437831153059
wide_shallow_groove_scan_2d.csv,groove_P550_f0p78_gw120_gd100,wide_shallow_groove_1d,974.6354482560873,9721239079.85016,446.7681495165209,154.86787593454375,100.0,121.0,26.20110860372056
wide_shallow_groove_scan_2d.csv,groove_P554_f0p76_gw120_gd100,wide_shallow_groove_1d,975.3480508066073,6621501925.033009,453.5496342682965,25.672724352405687,100.0,132.95999999999998,26.21564482380309
fine_scan_2d.csv,fine_primitive_P548_f0p76,primitive_1d_grating_fine,971.8156945940809,11058932815.587677,449.28846443775586,846.985877928476,131.51999999999998,131.51999999999998,26.368641697051626
fine_scan_2d.csv,fine_primitive_P562_f0p70,primitive_1d_grating_fine,972.4444012731419,2601920906.5942326,448.22101940401257,743.1192289351925,168.60000000000002,168.60000000000002,26.40594405272597
fine_scan_2d.csv,fine_primitive_P558_f0p76,primitive_1d_grating_fine,987.149014632208,7086141975.173126,455.36585458248487,947.2766017397488,133.92000000000002,133.92000000000002,26.757976606413692
fine_scan_2d.csv,fine_primitive_P554_f0p78,primitive_1d_grating_fine,986.4519317685632,8846420037.004112,450.116373244231,56.092992917564835,121.88,121.88,26.791855840904706
wide_shallow_groove_scan_2d.csv,groove_P562_f0p72_gw100_gd150,wide_shallow_groove_1d,973.8429410027875,2512131438.5001607,449.17911086075634,37.23221435557978,100.0,157.36,27.85133166848236
wide_shallow_groove_scan_2d.csv,groove_P558_f0p74_gw120_gd120,wide_shallow_groove_1d,973.5536514686477,3504294922.943246,451.82366808051495,26.290044536310788,120.0,145.07999999999998,28.037199855947804
wide_shallow_groove_scan_2d.csv,groove_P556_f0p75_gw120_gd120,wide_shallow_groove_1d,973.7039469680528,4677421563.546404,452.4060059105569,26.744861340628013,120.0,139.0,28.2891505719442
wide_shallow_groove_scan_2d.csv,groove_P550_f0p78_gw100_gd180,wide_shallow_groove_1d,972.3622646421679,8434772009.545132,444.1314137512432,2854.635078115522,100.0,121.0,28.321854571803016
wide_shallow_groove_scan_2d.csv,groove_P554_f0p76_gw120_gd120,wide_shallow_groove_1d,973.6501961834367,6011075989.056356,453.0086562132198,27.449764413364466,120.0,132.95999999999998,28.954109360406278
wide_shallow_groove_scan_2d.csv,groove_P562_f0p72_gw120_gd120,wide_shallow_groove_1d,972.6472997961131,2450767694.2580743,450.7413976981621,26.0401118526391,120.0,157.36,29.30143132814086
fine_scan_2d.csv,fine_primitive_P548_f0p75,primitive_1d_grating_fine,968.8538830220723,9473862543.211851,451.6753615269033,2458.2560618659754,137.0,137.0,29.405087007672734
wide_shallow_groove_scan_2d.csv,groove_P558_f0p74_gw140_gd100,wide_shallow_groove_1d,972.447851645951,3614992501.073293,452.37146024668675,24.862242283869406,100.0,145.07999999999998,30.893595777337488
fine_scan_2d.csv,fine_primitive_P546_f0p76,primitive_1d_grating_fine,968.7408465381925,11974999299.931557,453.2351774943194,2614.323399444523,131.04000000000002,131.04000000000002,31.084047177677352
wide_shallow_groove_scan_2d.csv,groove_P556_f0p75_gw140_gd100,wide_shallow_groove_1d,972.6002607315736,4478272144.104663,453.0125460958064,25.21704584145969,100.0,139.0,31.205247800919434
wide_shallow_groove_scan_2d.csv,groove_P556_f0p75_gw100_gd180,wide_shallow_groove_1d,973.1269463858506,4746142548.852071,446.9823555811609,42.78658466096442,100.0,139.0,31.23852116183263
wide_shallow_groove_scan_2d.csv,groove_P554_f0p76_gw100_gd180,wide_shallow_groove_1d,973.0658553949086,5105232452.619991,447.1219364646459,41.09539717942058,100.0,132.95999999999998,31.29118001681817
wide_shallow_groove_scan_2d.csv,groove_P550_f0p78_gw120_gd120,wide_shallow_groove_1d,972.943405948146,9005180745.64234,454.32517352108806,29.728424895848818,120.0,121.0,31.5456740266123
wide_shallow_groove_scan_2d.csv,groove_P558_f0p74_gw100_gd180,wide_shallow_groove_1d,972.9741644881863,3720355629.65433,446.8401031392996,44.38139856998918,100.0,145.07999999999998,31.622763949016274
wide_shallow_groove_scan_2d.csv,groove_P554_f0p76_gw140_gd100,wide_shallow_groove_1d,972.5523847256458,5324437206.028557,453.6490116264163,25.708215344664286,100.0,132.95999999999998,31.903954458653107
wide_shallow_groove_scan_2d.csv,groove_P562_f0p72_gw100_gd180,wide_shallow_groove_1d,972.0558874254684,2361088683.532948,446.54039516038523,47.2982372205466,100.0,157.36,33.64845016819224
fine_scan_2d.csv,fine_primitive_P546_f0p75,primitive_1d_grating_fine,965.7894889859084,11123079580.134678,450.200247934423,2549.9510448772753,136.5,136.5,35.594646722838114
fine_scan_2d.csv,fine_primitive_P548_f0p74,primitive_1d_grating_fine,965.7118244700644,8724983283.844086,448.73481601664844,2009.214367633341,142.48000000000002,142.48000000000002,37.629429942892614
fine_scan_2d.csv,fine_primitive_P546_f0p74,primitive_1d_grating_fine,962.6543503715467,9971208947.10961,447.2642128448948,1956.7167711757183,141.95999999999998,141.95999999999998,45.26097454242499
fine_scan_2d.csv,fine_primitive_P552_f0p74,primitive_1d_grating_fine,978.8171379824266,246.26038891875316,451.6612721020391,2011.954571432774,143.51999999999998,143.51999999999998,49.0727615283856
fine_scan_2d.csv,fine_primitive_P552_f0p72,primitive_1d_grating_fine,978.8171379824257,246.26038891874913,446.0963046998341,1133.4587174836627,154.56,154.56,54.31203458020154
fine_scan_2d.csv,fine_primitive_P554_f0p72,primitive_1d_grating_fine,979.994314616247,66.42711678676157,447.5465968398814,1184.0533541220796,155.12,155.12,54.41487101943859
fine_scan_2d.csv,fine_primitive_P556_f0p72,primitive_1d_grating_fine,979.8377780794224,27.303298058806636,448.9905124014269,1231.8038944373423,155.68,155.68,55.91825937760619
fine_scan_2d.csv,fine_primitive_P550_f0p74,primitive_1d_grating_fine,975.2760028970449,248.04351755900836,450.19970728266765,2034.1753013533983,143.0,143.0,56.25303824495831
fine_scan_2d.csv,fine_primitive_P552_f0p80,primitive_1d_grating_fine,978.8171379824253,246.26038891871005,450.82966562831865,55.38425538148518,110.39999999999998,110.39999999999998,56.322751195005864
coarse_scan_2d.csv,primitive_P700_f0p68,primitive_1d_grating,979.4088120668664,79.26051867225696,449.3963249405538,166.46716763037136,223.99999999999994,223.99999999999994,56.60733819480167
coarse_scan_2d.csv,dimer_P600_dP120,dimerized_pitch_grating,981.9022076749973,153.8771502355034,451.22399952041053,86.69774993442078,228.0,228.0,56.96616462204658
wide_shallow_groove_scan_2d.csv,groove_P554_f0p76_gw160_gd150,wide_shallow_groove_1d,979.9943146162174,66.42711678676926,450.17844993180375,51.50020928169717,130.52,132.95999999999998,57.22926704155949
fine_scan_2d.csv,fine_primitive_P550_f0p75,primitive_1d_grating_fine,975.2760028970451,248.04351755901135,453.1453583845173,2289.6545336478293,137.5,137.5,57.39257757838629
wide_shallow_groove_scan_2d.csv,groove_P554_f0p76_gw180_gd150,wide_shallow_groove_1d,979.9943146162127,66.42711678677264,450.00089871994976,51.83255166095147,120.52000000000001,132.95999999999998,57.395643872111464
wide_shallow_groove_scan_2d.csv,groove_P554_f0p76_gw140_gd150,wide_shallow_groove_1d,979.9943146162216,66.427116786764,450.002723077198,49.70536300793332,132.95999999999998,132.95999999999998,57.466616872187544
wide_shallow_groove_scan_2d.csv,groove_P554_f0p76_gw120_gd150,wide_shallow_groove_1d,979.9943146162257,66.4271167867574,449.6902850524905,46.94253667516875,120.0,132.95999999999998,57.87840167941645
fine_scan_2d.csv,fine_primitive_P548_f0p72,primitive_1d_grating_fine,958.8871569924008,6651124253.638759,443.1816779254228,1041.1433570447432,153.44,153.44,57.973965959871805
fine_scan_2d.csv,fine_primitive_P554_f0p80,primitive_1d_grating_fine,979.9943146162461,66.42711678662471,451.2241985378194,55.34694195843,110.79999999999995,110.79999999999995,58.006776966122246
coarse_scan_2d.csv,dimer_P600_dW70,dimerized_same_pitch_grating,982.7881677520971,177.05255889413445,450.84595391811627,92.19126079829033,228.0,228.0,58.134907113358004
coarse_scan_2d.csv,primitive_P540_f0p75,primitive_1d_grating,956.5729939811669,14941749450.703346,445.7520502510803,2464.928758730085,135.0,135.0,58.5347442992527
wide_shallow_groove_scan_2d.csv,groove_P554_f0p76_gw180_gd180,wide_shallow_groove_1d,979.9943146162257,66.42711678678086,452.14052090996626,24.740599831545545,120.0,132.95999999999998,58.82183295961134
wide_shallow_groove_scan_2d.csv,groove_P554_f0p76_gw180_gd120,wide_shallow_groove_1d,979.9943146162046,66.42711678684554,452.8604948354322,29.421864109705158,120.0,132.95999999999998,59.24076704324935
coarse_scan_2d.csv,hybrid_451_980_P360_650,hybrid_451_980_supercell,979.915058564922,23.48829560310864,453.6589170904341,266.1747809970872,177.5,177.5,59.53217181150376
wide_shallow_groove_scan_2d.csv,groove_P554_f0p76_gw160_gd120,wide_shallow_groove_1d,979.9943146162108,66.42711678683452,453.05375213562496,27.61134462015171,120.0,132.95999999999998,59.54435485866785
wide_shallow_groove_scan_2d.csv,groove_P554_f0p76_gw140_gd120,wide_shallow_groove_1d,979.9943146162154,66.42711678682113,453.1111064175613,27.249748035917992,120.0,132.95999999999998,59.62460940273044
wide_shallow_groove_scan_2d.csv,groove_P554_f0p76_gw160_gd180,wide_shallow_groove_1d,979.9943146162294,66.42711678677851,453.04039048794624,25.58021170291547,120.0,132.95999999999998,59.663726899255884
fine_scan_2d.csv,fine_primitive_P556_f0p78,primitive_1d_grating_fine,979.8377780794224,27.303298058836088,450.5099993023409,55.95108949380771,122.32,122.32,59.76970457737245
fine_scan_2d.csv,fine_primitive_P552_f0p70,primitive_1d_grating_fine,978.8171379824281,246.26038891877266,447.172905195174,23.970370124841548,165.60000000000002,165.60000000000002,59.9343579528634
coarse_scan_2d.csv,trimer_visible_pump_s1p08,trimer_visible_pump_supercell,978.0474649288726,92.37482162125404,449.9180469144368,63.20496591226417,143.0999999999999,143.0999999999999,60.025143132687774
wide_shallow_groove_scan_2d.csv,groove_P554_f0p76_gw160_gd100,wide_shallow_groove_1d,979.9943146162112,66.42711678689814,453.72552543842653,26.131261191949108,100.0,132.95999999999998,60.31183690374845
wide_shallow_groove_scan_2d.csv,groove_P554_f0p76_gw180_gd100,wide_shallow_groove_1d,979.9943146162055,66.42711678692153,453.8834419353201,27.276434734573204,100.0,132.95999999999998,60.39524446963069
wide_shallow_groove_scan_2d.csv,groove_P556_f0p75_gw160_gd150,wide_shallow_groove_1d,979.8377780795453,27.30329805882703,450.15428016948124,46.572369577369706,128.5,139.0,60.44414455987575
wide_shallow_groove_scan_2d.csv,groove_P554_f0p76_gw140_gd180,wide_shallow_groove_1d,979.9943146162326,66.427116786772,453.9680903221909,25.68348863430519,120.0,132.95999999999998,60.58442721347597
wide_shallow_groove_scan_2d.csv,groove_P556_f0p75_gw140_gd150,wide_shallow_groove_1d,979.8377780795402,27.303298058816544,449.97875631393873,45.602746160524205,138.5,139.0,60.656217770838566
wide_shallow_groove_scan_2d.csv,groove_P556_f0p75_gw180_gd150,wide_shallow_groove_1d,979.8377780795485,27.30329805883719,449.9173963463261,46.311879192577955,118.5,139.0,60.690772108987005
coarse_scan_2d.csv,dimer_P420_dW100,dimerized_same_pitch_grating,981.0542912467811,56.388871374820745,452.2229198826133,33.61210762053433,159.60000000000002,159.60000000000002,60.96716557872338
wide_shallow_groove_scan_2d.csv,groove_P556_f0p75_gw120_gd150,wide_shallow_groove_1d,979.8377780795338,27.303298058806767,449.6643109926774,43.66675408696279,120.0,139.0,61.04602343581609
fine_scan_2d.csv,fine_primitive_P554_f0p70,primitive_1d_grating_fine,979.9943146162466,66.42711678680045,447.6807891615141,24.092774836125223,166.20000000000005,166.20000000000005,61.0466164999133
coarse_scan_2d.csv,primitive_P980_f0p55,primitive_1d_grating,977.4976195711253,69.11168994196073,451.9621104915981,87.08130089443809,441.0,441.0,61.330311127957614
wide_shallow_groove_scan_2d.csv,groove_P554_f0p76_gw120_gd180,wide_shallow_groove_1d,979.9943146162352,66.42711678676197,446.4097076046368,41.98308334686663,120.0,132.95999999999998,61.352948019712805
fine_scan_2d.csv,fine_primitive_P556_f0p80,primitive_1d_grating_fine,979.8377780794237,27.30329805884481,451.6138148070711,55.25065706018009,111.19999999999999,111.19999999999999,61.41540308865655
wide_shallow_groove_scan_2d.csv,groove_P556_f0p75_gw180_gd120,wide_shallow_groove_1d,979.8377780795613,27.30329805879898,452.09393904983335,28.92991359350133,118.5,139.0,61.51948857375031
coarse_scan_2d.csv,hybrid_451_980_P300_560,hybrid_451_980_supercell,975.5265778525486,51.13581405021861,448.9558900797705,2063.4716367526003,147.5,147.5,61.77148398206826
coarse_scan_2d.csv,hybrid_451_980_P294_554,hybrid_451_980_supercell,981.5372406876154,41.52060340073913,452.1631332356943,60.32031846609862,137.5,137.5,61.78791451379589
coarse_scan_2d.csv,dimer_P420_dP120,dimerized_pitch_grating,981.7936441048058,59.32302083705377,448.2631246883082,106.010805827061,159.59999999999997,159.59999999999997,61.81020017234824
fine_scan_2d.csv,fine_primitive_P564_f0p74,primitive_1d_grating_fine,980.7182478316946,9.803899775777419,453.4951796133738,620.5703408422073,146.64,146.64,61.82071917540588
wide_shallow_groove_scan_2d.csv,groove_P556_f0p75_gw180_gd180,wide_shallow_groove_1d,979.8377780795286,27.30329805885021,452.12918114969057,24.180771960945233,118.5,139.0,61.86623857408918
coarse_scan_2d.csv,primitive_P840_f0p68,primitive_1d_grating,978.2423541137488,60.48408334679928,447.5579649077019,141.34768204321003,268.79999999999995,268.79999999999995,61.88468437894076
wide_shallow_groove_scan_2d.csv,groove_P556_f0p75_gw160_gd120,wide_shallow_groove_1d,979.8377780795544,27.303298058790137,452.35471636420993,27.096452418501446,120.0,139.0,61.89400469447514
fine_scan_2d.csv,fine_primitive_P560_f0p70,primitive_1d_grating_fine,980.8727420188105,16.574285889730625,446.7962978268429,708.3836520745785,168.0,168.0,62.01206831046025
wide_shallow_groove_scan_2d.csv,groove_P556_f0p75_gw140_gd120,wide_shallow_groove_1d,979.8377780795468,27.303298058781202,452.459787050514,26.643352350988895,120.0,139.0,62.02836964756599
coarse_scan_2d.csv,dimer_P420_dW70,dimerized_same_pitch_grating,981.8988630116127,59.77402017351717,448.3527047663472,97.46648166737334,159.60000000000002,159.60000000000002,62.05401283922443
fine_scan_2d.csv,fine_primitive_P556_f0p70,primitive_1d_grating_fine,979.8377780794228,27.303298058795086,443.92642703951236,645.2597001564253,166.8,166.8,62.1055728627929
wide_shallow_groove_scan_2d.csv,groove_P550_f0p78_gw160_gd150,wide_shallow_groove_1d,975.276002897054,248.0435175595572,450.2644681641485,64.02913771494903,121.0,121.0,62.196320258183064
wide_shallow_groove_scan_2d.csv,groove_P550_f0p78_gw180_gd150,wide_shallow_groove_1d,975.2760028970549,248.04351755966064,450.1982554476243,65.4737054791856,121.0,121.0,62.223775905539334
wide_shallow_groove_scan_2d.csv,groove_P550_f0p78_gw140_gd150,wide_shallow_groove_1d,975.2760028970537,248.04351755945936,450.0696488633133,61.396743904026266,121.0,121.0,62.46406881372365
fine_scan_2d.csv,fine_primitive_P560_f0p78,primitive_1d_grating_fine,980.872742018815,16.574285889730515,451.2855972785546,55.50031667404483,123.19999999999999,123.19999999999999,62.517855691663726
coarse_scan_2d.csv,dimer_P420_dP80,dimerized_pitch_grating,982.3051026171679,61.59370955102778,449.26125720808045,64.8511786831843,159.59999999999997,159.59999999999997,62.57452200544044
coarse_scan_2d.csv,primitive_P840_f0p75,primitive_1d_grating,982.7648470605781,63.60673140813278,448.96799491097835,118.57012753158067,210.0,210.0,62.6412765103875
wide_shallow_groove_scan_2d.csv,groove_P556_f0p75_gw160_gd100,wide_shallow_groove_1d,979.837778079549,27.30329805875434,453.0615996404749,25.721885727359123,100.0,139.0,62.6913264925325
coarse_scan_2d.csv,primitive_P840_f0p42,primitive_1d_grating,980.8576010680896,16.576191860116523,452.59283690284116,103.13967292712819,352.8,487.2,62.717942685942226
wide_shallow_groove_scan_2d.csv,groove_P556_f0p75_gw180_gd100,wide_shallow_groove_1d,979.8377780795576,27.30329805876106,453.17509370696143,27.03109000311972,100.0,139.0,62.71857754270586
coarse_scan_2d.csv,dimer_P420_dW40,dimerized_same_pitch_grating,982.4472562178217,62.26732262209989,449.4212778097456,62.47071101596177,159.60000000000002,159.60000000000002,62.73070748422407
wide_shallow_groove_scan_2d.csv,groove_P556_f0p75_gw160_gd180,wide_shallow_groove_1d,979.8377780795269,27.303298058840845,453.1395455659436,25.01316015714774,120.0,139.0,62.81780938053922
coarse_scan_2d.csv,dimer_P420_dP40,dimerized_pitch_grating,982.6103810995908,63.063779258109165,449.5937599393272,61.61250876749061,159.6,159.6,62.869866734214014
wide_shallow_groove_scan_2d.csv,groove_P550_f0p78_gw120_gd150,wide_shallow_groove_1d,975.2760028970537,248.0435175593817,449.7439452763304,58.34480483656609,120.0,121.0,62.878344992895975
fine_scan_2d.csv,fine_primitive_P560_f0p76,primitive_1d_grating_fine,980.8727420188139,16.57428588973057,456.56720685210314,934.6933906183841,134.39999999999998,134.39999999999998,62.89397042281844
fine_scan_2d.csv,fine_primitive_P550_f0p72,primitive_1d_grating_fine,975.2760028970451,248.04351755893055,444.6412595598956,1085.4514125381959,154.0,154.0,62.9025979226478
coarse_scan_2d.csv,primitive_P700_f0p75,primitive_1d_grating,983.5985823984847,40.749924523172965,451.2890738764432,186.63915389104488,175.0,175.0,63.131339984816066
coarse_scan_2d.csv,primitive_P320_f0p42,primitive_1d_grating,978.912823427972,5.7076358338785464,449.5097330975156,635.5267509444044,134.4,185.6,63.15689091191072
coarse_scan_2d.csv,primitive_P560_f0p42,primitive_1d_grating,980.8727484583977,16.574232905455368,450.8949038743561,30.372293417739375,235.2,324.8,63.38464863358146
fine_scan_2d.csv,fine_primitive_P564_f0p76,primitive_1d_grating_fine,980.7182478316121,9.80389977578743,450.9358289114303,54.68478686975832,135.36,135.36,63.60940861651261
wide_shallow_groove_scan_2d.csv,groove_P556_f0p75_gw140_gd180,wide_shallow_groove_1d,979.8377780795245,27.30329805883081,454.0613494885704,25.210352130749225,120.0,139.0,63.72597191137299
coarse_scan_2d.csv,trimer_visible_pump_s1p00,trimer_visible_pump_supercell,974.5677938730939,248.39063305047176,450.9617955537087,38.87824618901146,132.5,132.5,63.77784353772898
coarse_scan_2d.csv,primitive_P840_f0p55,primitive_1d_grating,980.8576165197909,16.576155605525692,452.9964585493106,63.24043977468793,377.99999999999994,377.99999999999994,63.9713253588649
coarse_scan_2d.csv,primitive_P980_f0p75,primitive_1d_grating,977.8973581894552,24.64301505526821,450.8383861815006,44.9638576739942,245.0,245.0,64.01358628524028
wide_shallow_groove_scan_2d.csv,groove_P550_f0p78_gw180_gd180,wide_shallow_groove_1d,975.2760028970523,248.04351755969358,452.0140561600399,26.082650116698844,120.0,121.0,64.03494833268607
coarse_scan_2d.csv,dimer_P600_dP80,dimerized_pitch_grating,986.211432989195,378.8484953533463,449.09701489579817,111.04706110801271,228.0,228.0,64.09456383823412
fine_scan_2d.csv,fine_primitive_P564_f0p75,primitive_1d_grating_fine,980.7182478316519,9.803899775782645,456.25471622350057,789.8033563476064,141.0,141.0,64.16134394687948
coarse_scan_2d.csv,primitive_P980_f0p68,primitive_1d_grating,976.8961550783722,61.74376736344916,452.2567609384108,46.13097419446101,313.5999999999999,313.5999999999999,64.27432840275272
wide_shallow_groove_scan_2d.csv,groove_P556_f0p75_gw120_gd180,wide_shallow_groove_1d,979.8377780795196,27.303298058820115,446.21011536437834,43.75915079245387,120.0,139.0,64.49654716443807
fine_scan_2d.csv,fine_primitive_P564_f0p78,primitive_1d_grating_fine,980.7182478315651,9.803899775794118,452.04424158625943,54.81005450497362,124.07999999999998,124.07999999999998,64.5855042735906
coarse_scan_2d.csv,primitive_P980_f0p42,primitive_1d_grating,976.1154368015802,81.64991036331358,449.7086412346077,56.98993808634118,411.59999999999997,568.4000000000001,64.6536024355206
coarse_scan_2d.csv,dimer_P600_dP40,dimerized_pitch_grating,988.8350460600667,1599.2058979529045,451.2280752819948,47.673639444371496,228.0,228.0,64.75772349209072
wide_shallow_groove_scan_2d.csv,groove_P550_f0p78_gw160_gd180,wide_shallow_groove_1d,975.276002897053,248.04351755960087,452.8061313730311,26.77212226381727,120.0,121.0,64.7816992093712
fine_scan_2d.csv,fine_primitive_P560_f0p80,primitive_1d_grating_fine,980.8727420188158,16.574285889730486,452.3795657155675,54.858902124112646,112.0,112.0,65.13201752543239
coarse_scan_2d.csv,dimer_P600_dW40,dimerized_same_pitch_grating,987.4285972519082,597.2966832722395,451.55595813322157,48.516553788770615,228.0,228.0,65.23626213638038
coarse_scan_2d.csv,dimer_P500_dP80,dimerized_pitch_grating,976.6171022312939,19.16303929651629,450.96252490616627,135.1431516531957,190.0,190.0,65.3028437286751
coarse_scan_2d.csv,dimer_P500_dW40,dimerized_same_pitch_grating,976.5812687432901,19.156317850794856,450.7036465597158,141.19226400267522,190.0,190.0,65.5583881039465
fine_scan_2d.csv,fine_primitive_P558_f0p78,primitive_1d_grating_fine,983.3120672253425,27.110564725236795,450.89989947770704,55.755480651139294,122.75999999999999,122.75999999999999,65.7071147670557
wide_shallow_groove_scan_2d.csv,groove_P550_f0p78_gw140_gd100,wide_shallow_groove_1d,975.2760028970549,248.04351755902078,445.5148812387697,130.0629420685551,100.0,121.0,65.71480350162432
wide_shallow_groove_scan_2d.csv,groove_P550_f0p78_gw140_gd180,wide_shallow_groove_1d,975.2760028970528,248.04351755948846,453.7828635733119,26.767436609884054,120.0,121.0,65.75873547695585
fine_scan_2d.csv,fine_primitive_P546_f0p72,primitive_1d_grating_fine,955.8462802058563,7462302589.909529,447.98432600060136,23.392674275702948,152.88,152.88,65.84679409304621
coarse_scan_2d.csv,dimer_P500_dW70,dimerized_same_pitch_grating,976.725143012391,19.18404916055931,451.6267352469899,121.30387601381817,190.0,190.0,65.86036855925863
coarse_scan_2d.csv,dimer_P500_dP40,dimerized_pitch_grating,976.537580401295,19.148229985304557,450.3798851655703,149.72555149014806,190.0,190.0,65.86886990076842
coarse_scan_2d.csv,dimer_P500_dP120,dimerized_pitch_grating,976.7513178206932,19.189397580401646,451.7912867407186,118.14163724549256,190.0,190.0,66.01760977178179
wide_shallow_groove_scan_2d.csv,groove_P550_f0p78_gw180_gd120,wide_shallow_groove_1d,975.276002897056,248.04351755939658,454.50485747708785,30.00644618639397,120.0,121.0,66.28229826096499
wide_shallow_groove_scan_2d.csv,groove_P550_f0p78_gw140_gd120,wide_shallow_groove_1d,975.2760028970549,248.04351755921127,454.5165200946773,28.896356942189932,120.0,121.0,66.3594467566111
wide_shallow_groove_scan_2d.csv,groove_P550_f0p78_gw160_gd120,wide_shallow_groove_1d,975.2760028970555,248.043517559311,454.530706342236,28.776557718294054,120.0,121.0,66.38085000951727
coarse_scan_2d.csv,dimer_P600_dW100,dimerized_same_pitch_grating,975.5377800352402,75.31863291004485,452.46683680971086,51.088199059413235,228.0,228.0,66.41967736520975
wide_shallow_groove_scan_2d.csv,groove_P550_f0p78_gw120_gd180,wide_shallow_groove_1d,975.2760028970523,248.04351755944967,446.7861777644314,38.26666336801127,120.0,121.0,66.56883888703643
fine_scan_2d.csv,fine_primitive_P562_f0p75,primitive_1d_grating_fine,977.3892518616178,9.870328051143101,455.0663575182339,784.4545756336444,140.5,140.5,66.74926148271298
wide_shallow_groove_scan_2d.csv,groove_P550_f0p78_gw160_gd100,wide_shallow_groove_1d,975.2760028970555,248.04351755908368,444.6514816641062,108.6529702099066,100.0,121.0,66.89065095905377
fine_scan_2d.csv,fine_primitive_P558_f0p70,primitive_1d_grating_fine,983.3120672253493,27.110564725234592,445.3642888238601,675.3955501069381,167.40000000000003,167.40000000000003,66.90964289756113
coarse_scan_2d.csv,dimer_P500_dW100,dimerized_same_pitch_grating,984.1495008447253,41.3137634689005,453.0062206060931,99.92647511447517,190.0,190.0,66.99383671218337
wide_shallow_groove_scan_2d.csv,groove_P558_f0p74_gw160_gd150,wide_shallow_groove_1d,983.31206722535,27.11056472528353,450.09054650638427,42.312040224108976,126.46000000000001,145.07999999999998,66.99576212724446
wide_shallow_groove_scan_2d.csv,groove_P550_f0p78_gw180_gd100,wide_shallow_groove_1d,975.2760028970566,248.04351755916755,455.18040819141487,27.613924953175705,100.0,121.0,67.1021946655907
coarse_scan_2d.csv,primitive_P560_f0p68,primitive_1d_grating,980.8727420188093,16.574285889730547,447.4335430000098,25.658921540932216,179.2,179.2,67.13894366249376
wide_shallow_groove_scan_2d.csv,groove_P558_f0p74_gw180_gd120,wide_shallow_groove_1d,983.3120672253555,27.110564725288324,451.39301130329164,28.52898460230141,116.46000000000001,145.07999999999998,67.16403054597798
wide_shallow_groove_scan_2d.csv,groove_P558_f0p74_gw140_gd150,wide_shallow_groove_1d,983.3120672253515,27.110564725281215,449.9231924357561,42.2361467907393,136.46,145.07999999999998,67.16623490301583
fine_scan_2d.csv,fine_primitive_P564_f0p80,primitive_1d_grating_fine,980.7182478314685,9.803899775802899,453.1251253519063,54.17965396961579,112.79999999999995,112.79999999999995,67.18648406688803
wide_shallow_groove_scan_2d.csv,groove_P558_f0p74_gw180_gd150,wide_shallow_groove_1d,983.3120672253485,27.110564725285645,449.77543538183374,41.63124495330025,116.46000000000001,145.07999999999998,67.33905152587502
fine_scan_2d.csv,fine_primitive_P550_f0p70,primitive_1d_grating_fine,975.2760028970451,248.04351755887495,446.65991164491265,23.90612968827166,165.0,165.0,67.51235030548908
wide_shallow_groove_scan_2d.csv,groove_P558_f0p74_gw120_gd150,wide_shallow_groove_1d,983.3120672253531,27.1105647252785,449.6112478152681,41.19054764839727,120.0,145.07999999999998,67.5217264212609
wide_shallow_groove_scan_2d.csv,groove_P558_f0p74_gw160_gd120,wide_shallow_groove_1d,983.3120672253563,27.1105647252853,451.69439043859705,26.728911325510865,120.0,145.07999999999998,67.57862985891308
fine_scan_2d.csv,fine_primitive_P562_f0p76,primitive_1d_grating_fine,977.3892518616453,9.870328051117616,450.55422756056487,55.033359119118394,134.88,134.88,67.74444351789815
wide_shallow_groove_scan_2d.csv,groove_P558_f0p74_gw140_gd120,wide_shallow_groove_1d,983.3120672253576,27.11056472528226,451.8332973126068,26.234136175202043,120.0,145.07999999999998,67.74999473961604
fine_scan_2d.csv,fine_primitive_P562_f0p78,primitive_1d_grating_fine,977.3892518617138,9.870328051142401,451.66701747088814,55.18580835211202,123.63999999999999,123.63999999999999,67.96088300371767
fine_scan_2d.csv,fine_primitive_P558_f0p80,primitive_1d_grating_fine,983.3120672253408,27.110564725237953,451.99922167319676,55.089314572583994,111.59999999999997,111.59999999999997,68.12711669884617
wide_shallow_groove_scan_2d.csv,groove_P558_f0p74_gw180_gd180,wide_shallow_groove_1d,983.3120672253451,27.11056472527906,452.05903917685214,23.739048057939247,116.46000000000001,145.07999999999998,68.14935047939127
wide_shallow_groove_scan_2d.csv,groove_P558_f0p74_gw180_gd100,wide_shallow_groove_1d,983.3120672253614,27.110564725285126,452.4742621857031,26.77863465584013,100.0,145.07999999999998,68.35527296620985
wide_shallow_groove_scan_2d.csv,groove_P558_f0p74_gw160_gd100,wide_shallow_groove_1d,983.3120672253618,27.11056472528155,452.400028721036,25.404499103776832,100.0,145.07999999999998,68.3725506765094
wide_shallow_groove_scan_2d.csv,groove_P562_f0p72_gw180_gd100,wide_shallow_groove_1d,977.3892518643097,9.870328050302982,451.1820569025978,26.49689199696558,100.0,157.36,68.75045232197945
wide_shallow_groove_scan_2d.csv,groove_P562_f0p72_gw160_gd100,wide_shallow_groove_1d,977.3892518638271,9.87032805027907,451.13636634845784,25.18553179636025,100.0,157.36,68.79293700899991
wide_shallow_groove_scan_2d.csv,groove_P562_f0p72_gw140_gd100,wide_shallow_groove_1d,977.3892518632839,9.870328050279143,451.1311743610583,24.647381641167446,100.0,157.36,68.82526636553956
wide_shallow_groove_scan_2d.csv,groove_P562_f0p72_gw140_gd120,wide_shallow_groove_1d,977.3892518639074,9.870328050453292,450.68547882885815,26.00910138330459,120.0,157.36,68.91519494323673
coarse_scan_2d.csv,primitive_P560_f0p55,primitive_1d_grating,980.8727420187985,16.574285889728667,445.06405875870274,33.75231708419952,252.0,252.0,69.03216712950318
wide_shallow_groove_scan_2d.csv,groove_P562_f0p72_gw160_gd120,wide_shallow_groove_1d,977.38925186429,9.870328050487565,450.5045976298047,26.53187314321459,120.0,157.36,69.0615058831271
wide_shallow_groove_scan_2d.csv,groove_P558_f0p74_gw160_gd180,wide_shallow_groove_1d,983.3120672253468,27.11056472527755,453.2104167772122,24.455408440004497,120.0,145.07999999999998,69.24908159612819
wide_shallow_groove_scan_2d.csv,groove_P562_f0p72_gw180_gd120,wide_shallow_groove_1d,977.3892518645758,9.8703280505282,450.1976905896127,28.220755829738525,112.32,157.36,69.26121000657886
wide_shallow_groove_scan_2d.csv,groove_P562_f0p72_gw140_gd150,wide_shallow_groove_1d,977.3892518639065,9.870328050647895,449.68143207551907,37.427920654490244,132.32,157.36,69.28696028620698
wide_shallow_groove_scan_2d.csv,groove_P562_f0p72_gw160_gd150,wide_shallow_groove_1d,977.3892518640829,9.87032805067606,449.71079657920166,36.27205541490985,122.32,157.36,69.31208991752801
wide_shallow_groove_scan_2d.csv,groove_P562_f0p72_gw180_gd180,wide_shallow_groove_1d,977.3892518637574,9.870328050783229,453.1474932883647,59.24185023293631,112.32,157.36,69.31815399529617
wide_shallow_groove_scan_2d.csv,groove_P562_f0p72_gw120_gd150,wide_shallow_groove_1d,977.3892518635828,9.870328050607208,449.43601635610355,37.829076675994685,120.0,157.36,69.51385584174474
coarse_scan_2d.csv,primitive_P420_f0p42,primitive_1d_grating,983.4580969901716,5.805885601393036,450.78956081916596,108.71630188792587,176.4,243.6,69.6343751574269
wide_shallow_groove_scan_2d.csv,groove_P562_f0p72_gw180_gd150,wide_shallow_groove_1d,977.3892518642334,9.87032805070985,449.2142519882538,35.65760233148823,112.32,157.36,69.83831462434325
wide_shallow_groove_scan_2d.csv,groove_P558_f0p74_gw140_gd180,wide_shallow_groove_1d,983.3120672253485,27.110564725276294,454.15092692729905,24.76503802530622,120.0,145.07999999999998,70.16773543181145
coarse_scan_2d.csv,primitive_P700_f0p55,primitive_1d_grating,989.6492890819912,334.6393529604119,449.9820295984193,111.64071917735845,314.99999999999994,314.99999999999994,70.4532189806255
fine_scan_2d.csv,fine_primitive_P562_f0p80,primitive_1d_grating_fine,977.3892518617388,9.870328051131523,452.75505903851615,54.55674331874262,112.39999999999998,112.39999999999998,70.56884045340028
coarse_scan_2d.csv,primitive_P700_f0p42,primitive_1d_grating,971.5023105541353,260.0235079387372,450.953281820257,22.836553982722613,294.0,406.0,70.70248650115383
wide_shallow_groove_scan_2d.csv,groove_P558_f0p74_gw120_gd180,wide_shallow_groove_1d,983.31206722535,27.11056472527397,446.0014916929981,45.47977420410406,120.0,145.07999999999998,70.95939960870834
wide_shallow_groove_scan_2d.csv,groove_P562_f0p72_gw160_gd180,wide_shallow_groove_1d,977.3892518636545,9.870328050755685,453.19647861493615,23.43946287644972,120.0,157.36,70.97786315582066
coarse_scan_2d.csv,dimer_P700_dW100,dimerized_same_pitch_grating,972.4069380947823,51.74061604772545,450.5739026712199,123.02409290324161,266.0,266.0,71.25543928586612
wide_shallow_groove_scan_2d.csv,groove_P562_f0p72_gw140_gd180,wide_shallow_groove_1d,977.3892518635105,9.870328050725925,454.2919196188869,23.891674014451027,120.0,157.36,72.04010846000735
coarse_scan_2d.csv,dimer_P700_dP120,dimerized_pitch_grating,986.8092726438775,26.913825070649562,450.29732699209984,108.70307912616273,266.0,266.0,72.16642293390137
coarse_scan_2d.csv,dimer_P700_dW70,dimerized_same_pitch_grating,986.8092726636856,26.91382504297513,450.1562153701408,105.17949293870244,266.0,266.0,72.36477769184614
wide_shallow_groove_scan_2d.csv,groove_P562_f0p72_gw120_gd180,wide_shallow_groove_1d,977.3892518632655,9.870328050704066,445.5475679573122,48.84784545944057,120.0,157.36,72.95822555426751
coarse_scan_2d.csv,dimer_P700_dP80,dimerized_pitch_grating,986.8092728053307,26.913825061369668,449.97440584282816,58.944691703910145,266.0,266.0,73.55253298924502
coarse_scan_2d.csv,dimer_P700_dW40,dimerized_same_pitch_grating,986.8092727046079,26.91382528264854,449.94683952696,58.65635801262972,266.0,266.0,73.58861750481205
coarse_scan_2d.csv,dimer_P700_dP40,dimerized_pitch_grating,986.809272664992,26.913825214475168,449.9220154018223,58.56121435087717,266.0,266.0,73.61626163909608
coarse_scan_2d.csv,dimer_P540_dP40,dimerized_pitch_grating,985.7069011418887,10.745673737222937,450.80361215891384,28.545172443441942,205.2,205.2,74.56942388910191
coarse_scan_2d.csv,dimer_P540_dW40,dimerized_same_pitch_grating,985.736755445513,10.686035300719865,451.27230570481856,30.178688166619672,205.2,205.2,74.62529893398387
coarse_scan_2d.csv,dimer_P540_dP80,dimerized_pitch_grating,985.7579087274693,10.635197010288397,451.32999065183213,30.195129373819103,205.2,205.2,74.73884175247396
coarse_scan_2d.csv,dimer_P540_dW70,dimerized_same_pitch_grating,985.8228502438983,10.494943781878911,451.95708426575754,30.957875867899247,205.2,205.2,75.4928393196799
coarse_scan_2d.csv,dimer_P540_dP120,dimerized_pitch_grating,985.84241592558,10.458004572968882,452.1847822663364,31.255920560139785,205.2,205.2,75.75374314804228
coarse_scan_2d.csv,primitive_P294_f0p42,primitive_1d_grating,990.1350488938132,7.055228874197387,445.02669801402885,3357533914.2371364,123.47999999999999,170.52,76.30382202466575
fine_scan_2d.csv,fine_primitive_P548_f0p70,primitive_1d_grating_fine,951.3350456726098,4865455352.133196,446.1441045661647,23.899347570633683,164.40000000000003,164.40000000000003,76.67225990747441
coarse_scan_2d.csv,primitive_P320_f0p55,primitive_1d_grating,987.2307547492188,6.222729043872558,447.8650946181312,574.3587143852133,144.0,144.0,77.00181578491924
coarse_scan_2d.csv,dimer_P540_dW100,dimerized_same_pitch_grating,985.9437403399743,10.217914558272506,447.3631136288231,59.171889771052925,205.2,205.2,77.37036942524887
coarse_scan_2d.csv,primitive_P500_f0p42,primitive_1d_grating,986.9607178137455,5.950090966565873,449.59164747911433,23.748491626337632,210.0,290.0,80.4055787873053
coarse_scan_2d.csv,trimer_visible_pump_s0p92,trimer_visible_pump_supercell,994.0656665681174,137.87195275406313,454.30904984033896,406.63278254555047,121.89999999999986,121.89999999999986,82.02724193580157
fine_scan_2d.csv,fine_primitive_P546_f0p70,primitive_1d_grating_fine,948.312993222405,5322861702.708444,445.6302937776223,23.936616537346378,163.8,163.8,83.22746872762319
coarse_scan_2d.csv,primitive_P600_f0p42,primitive_1d_grating,990.3807561699781,6.278511888595219,450.61214555495366,65.06626272662453,252.0,348.0,84.3109462885646
coarse_scan_2d.csv,primitive_P540_f0p42,primitive_1d_grating,988.5588601861074,6.056048193136557,453.7584569375532,9.423340891372703,226.79999999999998,313.20000000000005,86.5040324434759
coarse_scan_2d.csv,primitive_P600_f0p55,primitive_1d_grating,946.336317109347,9645356.75180195,456.2593146366306,1492.284264634089,270.0,270.0,87.00104611116693
coarse_scan_2d.csv,primitive_P420_f0p55,primitive_1d_grating,994.2107827255402,6.398420667507905,453.6600198404127,87.57687998654943,188.99999999999997,188.99999999999997,93.66951788842802
coarse_scan_2d.csv,primitive_P600_f0p68,primitive_1d_grating,1020.4172629334571,369222812.94736624,449.62932085574016,40.60390478672914,191.99999999999994,191.99999999999994,95.77093380831502
coarse_scan_2d.csv,hybrid_451_980_P420_760,hybrid_451_980_supercell,998.7420652412425,15.174078172536674,451.48495183785496,115.90485217575446,210.0,210.0,97.44495963105177
coarse_scan_2d.csv,primitive_P540_f0p55,primitive_1d_grating,957.5694811027988,257.24576083007605,453.85699995431696,19.703705418462985,243.0,243.0,101.66740853791183
coarse_scan_2d.csv,primitive_P320_f0p68,primitive_1d_grating,1000.134635476832,6.677119398651583,449.0235518389211,604.1476530515336,102.39999999999998,102.39999999999998,102.84902274813791
coarse_scan_2d.csv,primitive_P500_f0p55,primitive_1d_grating,999.5349225940901,6.693474741551314,452.3684973555527,27.805073530274097,225.0,225.0,104.88228494998536
coarse_scan_2d.csv,primitive_P540_f0p68,primitive_1d_grating,957.5694808768701,257.2458778674188,457.5231848214915,23.12358314252394,172.79999999999995,172.79999999999995,105.05556357121547
coarse_scan_2d.csv,hybrid_451_980_P320_600,hybrid_451_980_supercell,953.7430233665139,23.998280204308315,447.31444815970775,3967.217833835956,160.0,160.0,108.14430007798796
coarse_scan_2d.csv,primitive_P294_f0p55,primitive_1d_grating,1007.5240378177895,7.154401091132491,445.06086721572007,2203148099.2859883,132.29999999999998,132.29999999999998,111.00519543200312
coarse_scan_2d.csv,primitive_P420_f0p68,primitive_1d_grating,1008.1598263056018,6.9312021134925175,449.75088515530985,60.71111533912625,134.39999999999998,134.39999999999998,120.55003466872391
coarse_scan_2d.csv,primitive_P500_f0p68,primitive_1d_grating,1013.9903803507286,7.341614384269627,449.4608132507463,65.64473526755565,160.0,160.0,132.1906068585375
coarse_scan_2d.csv,primitive_P420_f0p75,primitive_1d_grating,1016.2556750415723,7.17276176501903,452.4408645528545,57.62171608989724,105.0,105.0,138.42006503741504
coarse_scan_2d.csv,primitive_P500_f0p75,primitive_1d_grating,1021.691728204125,7.576119125320459,450.25893474514254,66.7718735966987,125.0,125.0,146.67001984921652
coarse_scan_2d.csv,primitive_P600_f0p75,primitive_1d_grating,1047.7661777507324,1003681693.9378225,447.56076018617057,39.75043370613116,150.0,150.0,152.57422782934665
